"unlist.Closeness.","unlist.CN_Betweenness.","unlist.CN_CBrokerage.","unlist.CN_Eigen.","unlist.CN_Info.","unlist.cutpoints_strong.","unlist.cutpoints_weak.","unlist.InDegree.","unlist.OutDegree.","unlist.TotalDegree."
1,2,0,0,0.000663917997473459,FALSE,FALSE,0.15,0.5,0.26
0,0,0,0,0.000663917997473472,FALSE,FALSE,0.15,0,0.06
0,0,0,0,0.000663917997473469,FALSE,FALSE,0.15,0,0.06
0,0,0,0,0.00066391799747347,FALSE,FALSE,0.15,0,0.06
0,0,0,0,0.000663917997473455,FALSE,FALSE,0.3,0,0.12
0,0,0,0,0.000663917997473471,FALSE,FALSE,0.15,0,0.06
0,0,0,0,0.000245399036973961,FALSE,FALSE,0.15,0,0.06
0,0,0,0,0.000663917997473497,FALSE,FALSE,0.15,0,0.06
0,0,0,0,0.000663917997473472,FALSE,FALSE,0.15,0,0.06
1,0,0,0,0.000663917997473461,FALSE,FALSE,0.15,0.5,0.26
2.5,0,0,0,3.64963581168952e-05,FALSE,FALSE,0,0.5,0.2
20.1666666666667,18.6,1,0,0.000663917997473445,FALSE,FALSE,0.15,3,1.26
14.6666666666667,0,1,0,0.000663917997473451,FALSE,FALSE,0.3,0.5,0.32
0,0,0,0,0.000663917997473478,FALSE,FALSE,0.15,0,0.06
0,0,0,0,0.000663917997473482,FALSE,FALSE,0.15,0,0.06
0,0,0,0,0.000663917997473481,FALSE,FALSE,0.15,0,0.06
101.957142857143,0,0,0.0715294568990501,0.000663917997473446,FALSE,FALSE,0,2,0.8
0,0,0,0,0.000663917997473483,FALSE,FALSE,0.15,0,0.06
1,0,1,0,0.000663917997473467,FALSE,FALSE,0,0.5,0.2
0,0,0,0,0.000663917997473468,FALSE,FALSE,0.15,0,0.06
0,0,0,0,0.000663917997473454,FALSE,FALSE,0.45,0,0.18
95.7154761904762,0,0,0.125358068242268,0.000663917997473466,FALSE,FALSE,0,0.5,0.2
3,0,0,0,0.000663917997473453,FALSE,TRUE,0,1.5,0.6
31.5,662.464935064935,1,1.28107264161729e-10,0.000663917997473443,TRUE,TRUE,0.9,5.5,2.56
2.5,0,1,0,0.000663917997473469,FALSE,TRUE,0,1,0.4
0,0,0,0,0.000663917997473469,FALSE,FALSE,0.15,0,0.06
14.6666666666667,0,1,0,0.000663917997473465,FALSE,FALSE,0,0.5,0.2
0,0,0,0,-7.87946113971633e-06,FALSE,FALSE,0.15,0,0.06
0,0,0,0,0.000663917997473471,FALSE,FALSE,0.15,0,0.06
0,0,0,0,0.000663917997473459,FALSE,FALSE,0.6,0,0.24
0,0,0,0,0.000663917997473462,FALSE,FALSE,0.3,0,0.12
0,0,0,0,-9.01912011391869e-06,FALSE,FALSE,0.15,0,0.06
0,0,0,0,0.000236917490021972,FALSE,FALSE,0.15,0,0.06
0,0,0,0,0.000663917997473495,FALSE,TRUE,0.3,0,0.12
1,0,1,0,0.000663917997473479,FALSE,FALSE,0,0.5,0.2
0,0,0,0,0.000663917997473481,FALSE,FALSE,0.15,0,0.06
1,225.469696969697,0,0,0.000663917997473452,FALSE,FALSE,0.15,0.5,0.26
1,0,1,0,0.000663917997473479,FALSE,FALSE,0,0.5,0.2
1,0,1,0,0.000663917997473479,FALSE,FALSE,0,0.5,0.2
1,0,1,0,0.000663917997473479,FALSE,FALSE,0,0.5,0.2
0,0,0,0,0.000663917997473453,FALSE,TRUE,4.65,0,1.86
1,0,1,0,0.000663917997473468,FALSE,FALSE,0,0.5,0.2
4,141.583333333333,1,0,0.000663917997473451,FALSE,TRUE,0.45,2,0.98
12.8833333333333,0,0,0,0.000663917997473455,FALSE,FALSE,0,1.5,0.6
5,0,0,0,0.000663917997473445,FALSE,FALSE,0,2.5,1
0,0,0,0,0.000663917997473458,FALSE,FALSE,0.3,0,0.12
3,49.1904761904762,0,0,0.00066391799747345,FALSE,TRUE,0.45,2,0.98
14.6666666666667,0,1,0,0.000663917997473465,FALSE,FALSE,0,0.5,0.2
22.5,0,1,0,0.000663917997473447,FALSE,FALSE,0,3.5,1.4
118.938095238095,2719.22698412698,1,0.139851538274126,0.000663917997473442,FALSE,TRUE,0.9,14.5,6.16
0,0,0,0,0.000663917997473467,FALSE,FALSE,0.15,0,0.06
1,0,1,0,0.000663917997473467,FALSE,FALSE,0,0.5,0.2
16.1666666666667,0,1,0,0.000663917997473456,FALSE,FALSE,0,1,0.4
21.4166666666667,0,0,5.27764283578346e-15,0.000663917997473448,FALSE,FALSE,0,2.5,1
49.6333333333333,1120.25,1,1.88917534982869e-21,0.000663917997473443,TRUE,TRUE,1.8,18,7.92
0,0,0,0,0.000663917997473501,FALSE,FALSE,0.15,0,0.06
1,0,0,0,0.000663917997473466,FALSE,FALSE,0,0.5,0.2
14.6666666666667,0,1,0,0.000663917997473466,FALSE,FALSE,0,0.5,0.2
2,0,0,0,0.000663917997473453,FALSE,FALSE,0,1,0.4
0,0,0,0,0.000663917997473451,FALSE,FALSE,0.9,0,0.36
0,0,0,0,0.000663917997473458,FALSE,FALSE,0.3,0,0.12
80.3420634920635,0,0,0.014012524189646,0.000663917997473461,FALSE,FALSE,0,1,0.4
34.6333333333333,0,0,1.61810379500416e-29,0.000663917997473467,FALSE,TRUE,0,1,0.4
14.6666666666667,0,1,0,0.000663917997473466,FALSE,FALSE,0,1,0.4
1,0,1,0,0.000663917997473467,FALSE,FALSE,0,0.5,0.2
2,0,0,0,0.000663917997473458,FALSE,FALSE,0,1,0.4
8.66666666666667,0,0,0,0.000663917997473469,FALSE,FALSE,0,0.5,0.2
10.8833333333333,0,0,0,0.000663917997473467,FALSE,FALSE,0,0.5,0.2
89.7670634920635,0,0,0.0479031414329005,0.000663917997473453,FALSE,FALSE,0,1,0.4
1,0,1,0,2.5026692528631e-06,FALSE,FALSE,0,0.5,0.2
0,0,0,0,0.000663917997473481,FALSE,FALSE,0.15,0,0.06
0,0,0,0,0.000663917997473481,FALSE,FALSE,0.15,0,0.06
0,0,0,0,0.000663917997473457,FALSE,FALSE,0.3,0,0.12
0,0,0,0,0.000663917997473467,FALSE,FALSE,0.15,0,0.06
0,0,0,0,0.000663917997473472,FALSE,FALSE,0.15,0,0.06
0,0,0,0,0.000663917997473472,FALSE,FALSE,0.15,0,0.06
0,0,0,0,0.000663917997473477,FALSE,FALSE,0.15,0,0.06
0,0,0,0,0.000663917997473467,FALSE,FALSE,0.15,0,0.06
5.5,0,0,0,0.000663917997473482,FALSE,FALSE,0,0.5,0.2
15.5,212,1,0,0.000663917997473444,FALSE,TRUE,0.75,7,3.1
24.3047619047619,0,0,7.82475521997281e-11,0.000663917997473457,FALSE,FALSE,0,1,0.4
0,0,0,0,0.000663917997473471,FALSE,FALSE,0.15,0,0.06
0,0,0,0,0.000663917997473468,FALSE,FALSE,0.15,0,0.06
39.8333333333333,25.3333333333333,1,0,0.000663917997473442,FALSE,TRUE,0.15,22,8.86
29.3285714285714,84,0,6.54282642048376e-22,0.00066391799747346,FALSE,TRUE,0.45,0.5,0.38
32.4952380952381,0,1,6.54282642048376e-22,0.000663917997473455,FALSE,TRUE,0,2,0.8
0,0,0,0,0.000663917997473516,FALSE,FALSE,0.15,0,0.06
15.1666666666667,0,0,0,0.000663917997473456,FALSE,FALSE,0,1,0.4
0,0,0,0,0.000663917997473494,FALSE,FALSE,0.15,0,0.06
15.05,0,0,2.74971886732733e-30,0.000663917997473471,FALSE,FALSE,0,0.5,0.2
0,0,0,0,0.000663917997473468,FALSE,FALSE,0.15,0,0.06
1,0,0,0,0.000663917997473466,FALSE,FALSE,0,0.5,0.2
0,0,0,0,0.0006639179974735,FALSE,FALSE,0.15,0,0.06
14.6666666666667,0,1,0,0.000663917997473466,FALSE,FALSE,0,0.5,0.2
2,0,0,0,0.00066391799747346,FALSE,FALSE,0,1,0.4
1,0,1,0,0.000663917997473476,FALSE,FALSE,0,0.5,0.2
1,0,0,0,2.66680777846796e-05,FALSE,FALSE,0,1,0.4
31.9833333333333,0,0,1.07376308664085e-11,0.00066391799747345,FALSE,FALSE,0,2.5,1
10.8833333333333,0,0,0,0.000663917997473467,FALSE,FALSE,0,0.5,0.2
22.4666666666667,0,0,0,0.000663917997473459,FALSE,FALSE,0,1,0.4
0,0,0,0,0.000663917997473452,FALSE,FALSE,0.45,0,0.18
4,0,0,0,0.000663917997473446,FALSE,FALSE,0,2,0.8
14.6666666666667,0,1,0,0.000663917997473466,FALSE,FALSE,0,0.5,0.2
12.8833333333333,34,0,0,0.000663917997473451,FALSE,TRUE,0.15,1.5,0.66
14.6666666666667,0,1,0,0.000663917997473465,FALSE,FALSE,0,0.5,0.2
0,0,0,0,0.000663917997473467,FALSE,FALSE,0.15,0,0.06
3,0,0,0,0.000663917997473449,FALSE,FALSE,0,1.5,0.6
0,0,0,0,0.00066391799747348,FALSE,FALSE,0.15,0,0.06
10.8833333333333,0,0,0,0.000663917997473467,FALSE,FALSE,0,0.5,0.2
76.543253968254,0,0,0.0356812838327855,0.000663917997473475,FALSE,FALSE,0,0.5,0.2
1,0,0,0,0.000663917997473465,FALSE,FALSE,0,0.5,0.2
22.6380952380952,0,0,5.54539343917486e-11,0.000663917997473469,FALSE,FALSE,0,0.5,0.2
1,0,0,0,0.000663917997473473,FALSE,FALSE,0,0.5,0.2
0,0,0,0,0.000663917997473468,FALSE,FALSE,0.15,0,0.06
17.5166666666667,0,0,0,0.000663917997473449,FALSE,FALSE,0,3.5,1.4
0,0,0,0,0.000663917997473515,FALSE,FALSE,0.15,0,0.06
0,0,0,0,0.000663917997473468,FALSE,TRUE,0.3,0,0.12
10.6880952380952,0,0,4.33609513693926e-29,0.000663917997473476,FALSE,FALSE,0,1,0.4
0,0,0,0,0.00066391799747348,FALSE,FALSE,0.15,0,0.06
1,0,0,0,0.000663917997473465,FALSE,FALSE,0,0.5,0.2
18.1666666666667,108.3,0,0,0.000663917997473447,FALSE,TRUE,0.15,2.5,1.06
0,0,0,0,0.000663917997473486,FALSE,FALSE,0.15,0,0.06
1,0,1,0,0.000663917997473478,FALSE,FALSE,0,0.5,0.2
1,0,1,0,0.000663917997473478,FALSE,FALSE,0,0.5,0.2
1,0,0,0,0.000663917997473533,FALSE,FALSE,0,0.5,0.2
2,0,0,0,-7.85279518690762e-06,FALSE,TRUE,0,1,0.4
0,0,0,0,0.000663917997473481,FALSE,FALSE,0.15,0,0.06
0,0,0,0,0.00023692889746234,FALSE,FALSE,0.15,0,0.06
0,0,0,0,0.000663917997473475,FALSE,FALSE,0.15,0,0.06
0,0,0,0,0.000663917997473488,FALSE,FALSE,0.15,0,0.06
0,0,0,0,0.000663917997473475,FALSE,FALSE,0.15,0,0.06
14.6666666666667,0,1,0,0.000663917997473465,FALSE,FALSE,0,0.5,0.2
2.5,0,1,0,0.000663917997473458,FALSE,FALSE,0,1,0.4
0,0,0,0,0.000663917997473454,FALSE,FALSE,0.3,0,0.12
0,0,0,0,0.000663917997473471,FALSE,FALSE,0.15,0,0.06
0,0,0,0,0.000663917997473454,FALSE,FALSE,0.6,0,0.24
0,0,0,0,0.000663917997473467,FALSE,FALSE,0.15,0,0.06
0,0,0,0,0.00066391799747347,FALSE,FALSE,0.15,0,0.06
1,77,1,0,0.000663917997473444,FALSE,TRUE,3,0.5,1.4
4.5,178.3,1,0,0.000663917997473445,FALSE,TRUE,1.5,2.5,1.6
0,0,0,0,0.000663917997473467,FALSE,FALSE,0.3,0,0.12
0,0,0,0,0.000663917997473477,FALSE,FALSE,0.15,0,0.06
0,0,0,0,0.000663917997473467,FALSE,FALSE,0.3,0,0.12
0,0,0,0,0.000663917997473466,FALSE,FALSE,0.15,0,0.06
0,0,0,0,0.000663917997473456,FALSE,FALSE,0.45,0,0.18
14.6666666666667,121,1,0,0.000663917997473449,FALSE,FALSE,0.3,0.5,0.32
0,0,0,0,0.00066391799747347,FALSE,FALSE,0.3,0,0.12
0,0,0,0,0.000663917997473491,FALSE,TRUE,3,0,1.2
1,0,1,0,3.68237250219467e-05,FALSE,FALSE,0,0.5,0.2
0,0,0,0,0.000663917997473472,FALSE,FALSE,0.15,0,0.06
1,11.5,0,0,0.000663917997473452,FALSE,FALSE,0.3,0.5,0.32
0,0,0,0,0.000663917997473467,FALSE,FALSE,0.15,0,0.06
0,0,0,0,0.000663917997473515,FALSE,FALSE,0.15,0,0.06
2,0,0,0,0.000663917997473453,FALSE,FALSE,0,1,0.4
0,0,0,0,0.00066391799747345,FALSE,FALSE,0.45,0,0.18
0,0,0,0,0.000236896112997798,FALSE,FALSE,0.15,0,0.06
9.16666666666667,0,0,0,0.00066391799747346,FALSE,FALSE,0,1,0.4
1,8,1,0,0.000663917997473451,FALSE,TRUE,0.45,0.5,0.38
3,7,1,0,0.000663917997473454,FALSE,TRUE,0.15,1.5,0.66
3.33333333333333,0,1,0,0.00066391799747347,FALSE,FALSE,0,0.5,0.2
21.9964285714286,0,0,6.29725116609563e-22,0.000663917997473485,FALSE,FALSE,0,0.5,0.2
0,0,0,0,0.000663917997473476,FALSE,FALSE,0.15,0,0.06
0,0,0,0,2.66657558495497e-05,FALSE,TRUE,0.9,0,0.36
14.6666666666667,0,1,0,0.000663917997473457,FALSE,FALSE,0.15,0.5,0.26
21.8833333333333,0,0,0,0.000663917997473454,FALSE,FALSE,0,1.5,0.6
2,0,0,0,0.000663917997473453,FALSE,FALSE,0,1,0.4
5,347.25,1,0,0.000663917997473446,FALSE,TRUE,1.2,1.5,1.08
0,0,0,0,0.000663917997473492,FALSE,FALSE,0.15,0,0.06
14.6666666666667,0,1,0,0.000663917997473465,FALSE,FALSE,0,0.5,0.2
1,0,0,0,0.000663917997473465,FALSE,FALSE,0,0.5,0.2
0,0,0,0,0.000663917997473477,FALSE,FALSE,0.15,0,0.06
0,0,0,0,0.000663917997473467,FALSE,FALSE,0.15,0,0.06
14.6666666666667,0,1,0,0.000663917997473465,FALSE,FALSE,0,0.5,0.2
0,0,0,0,0.000663917997473472,FALSE,FALSE,0.15,0,0.06
0,0,0,0,0.000663917997473472,FALSE,FALSE,0.15,0,0.06
0,0,0,0,0.000663917997473472,FALSE,FALSE,0.15,0,0.06
0,0,0,0,0.00066391799747348,FALSE,FALSE,0.15,0,0.06
0,0,0,0,0.000663917997473452,FALSE,FALSE,0.45,0,0.18
0,0,0,0,0.000663917997473467,FALSE,FALSE,0.15,0,0.06
0,0,0,0,0.000663917997473444,FALSE,FALSE,1.2,0,0.48
0,0,0,0,0.00066391799747349,FALSE,FALSE,0.15,0,0.06
0,0,0,0,0.00066391799747349,FALSE,FALSE,0.15,0,0.06
0,0,0,0,0.000663917997473474,FALSE,FALSE,0.15,0,0.06
0,0,0,0,0.000297397729508595,FALSE,FALSE,0.15,0,0.06
29.8285714285714,0,1,6.54282642048376e-22,0.000663917997473468,FALSE,FALSE,0,0.5,0.2
0,0,0,0,0.000663917997473481,FALSE,FALSE,0.15,0,0.06
0,0,0,0,0.000663917997473469,FALSE,FALSE,0.15,0,0.06
22.8380952380952,0,0,0,0.000663917997473481,FALSE,FALSE,0,0.5,0.2
12,0,0,0,0.000220414019246931,FALSE,TRUE,0,6,2.4
0,0,0,0,0.000220387013423297,FALSE,FALSE,0.15,0,0.06
2.5,0,1,1.44280081223035e-43,0.000663917997473461,FALSE,FALSE,0.15,1,0.46
0,0,0,0,0.000663917997473469,FALSE,FALSE,0.15,0,0.06
0,0,0,0,0.000663917997473469,FALSE,FALSE,0.15,0,0.06
0,0,0,0,0.000663917997473467,FALSE,FALSE,0.15,0,0.06
2,0,1,0,0.000663917997473456,FALSE,FALSE,0,1,0.4
0,0,0,0,0.000663917997473451,FALSE,FALSE,0.45,0,0.18
0,0,0,0,0.000663917997473469,FALSE,FALSE,0.15,0,0.06
3,0,0,0,0.000663917997473449,FALSE,FALSE,0,1.5,0.6
30.6619047619048,0,0,1.28400775865794e-21,0.00066391799747346,FALSE,FALSE,0,1,0.4
0,0,0,0,0.000663917997473468,FALSE,FALSE,0.15,0,0.06
14,0,0,0,0.000236917490021969,FALSE,TRUE,0,7,2.8
14.6666666666667,0,1,0,0.000663917997473465,FALSE,FALSE,0,0.5,0.2
0,0,0,0,0.000663917997473473,FALSE,FALSE,0.15,0,0.06
0,0,0,0,0.000663917997473465,FALSE,FALSE,0.45,0,0.18
0,0,0,0,3.65106927839043e-05,FALSE,FALSE,0.15,0,0.06
0,0,0,0,0.000663917997473469,FALSE,FALSE,0.15,0,0.06
0,0,0,0,0.000663917997473467,FALSE,FALSE,0.15,0,0.06
0,0,0,0,0.000663917997473479,FALSE,FALSE,0.15,0,0.06
0,0,0,0,0.000663917997473472,FALSE,FALSE,0.3,0,0.12
3,0,0,0,0.000663917997473449,FALSE,FALSE,0,1.5,0.6
4.5,2.5,1,0,0.000663917997473449,FALSE,FALSE,0.15,2,0.86
26.3833333333333,260.6,0,0,0.000663917997473443,FALSE,TRUE,0.6,4.5,2.04
99.7880952380952,380.441666666667,0,0.10417025444134,0.000663917997473444,FALSE,TRUE,0.3,5,2.12
7,128.871428571429,0,0,0.000663917997473445,FALSE,TRUE,0.45,7,2.98
1,0,0,0,0.000663917997473473,FALSE,FALSE,0,0.5,0.2
9,0,0,0,0.000663917997473455,FALSE,FALSE,0.15,4.5,1.86
1,0,1,0,0.000663917997473467,FALSE,FALSE,0,0.5,0.2
4,0,0,0,0.000663917997473447,FALSE,FALSE,0,2,0.8
27.6666666666667,45,1,0,0.000663917997473452,FALSE,TRUE,0.15,7,2.86
31.6666666666667,1347.09047619048,0,0,0.000663917997473441,FALSE,TRUE,1.65,21,9.06
15.8833333333333,0,0,0,0.000663917997473456,FALSE,FALSE,0.15,3,1.26
4.5,209.5,0,0,0.00066391799747345,FALSE,FALSE,0.3,2,0.92
12.5,0,0,0,0.000663917997473499,FALSE,TRUE,0,6,2.4
98.1261904761905,0,0,0.118581166079114,0.000663917997473454,FALSE,TRUE,0,1.5,0.6
14.6666666666667,0,1,0,0.000663917997473465,FALSE,FALSE,0,0.5,0.2
2,0,0,0,0.000663917997473455,FALSE,FALSE,0,1,0.4
0,0,0,0,0.000663917997473467,FALSE,FALSE,0.15,0,0.06
16,45.3333333333333,1,9.61867208153564e-43,0.000663917997473445,FALSE,TRUE,0.45,10,4.18
10.8833333333333,0,0,0,0.000663917997473491,FALSE,FALSE,0,0.5,0.2
10.8833333333333,0,0,0,0.000663917997473466,FALSE,FALSE,0,0.5,0.2
0,0,0,0,0.000663917997473494,FALSE,FALSE,0.15,0,0.06
14.6666666666667,0,1,0,0.000663917997473465,FALSE,FALSE,0,0.5,0.2
30.8285714285714,0,0,6.54282642048376e-22,0.000663917997473468,FALSE,TRUE,0,1,0.4
0,0,0,0,0.000663917997473514,FALSE,FALSE,0.15,0,0.06
1,0,1,0,0.000663917997473517,FALSE,FALSE,0,0.5,0.2
23.6666666666667,100.8,1,0,0.000663917997473443,FALSE,TRUE,0.6,5.5,2.44
1,0,0,0,0.000663917997473473,FALSE,FALSE,0,0.5,0.2
0,0,0,0,0.000663917997473468,FALSE,FALSE,0.15,0,0.06
5,11.7,0,0,0.000663917997473444,FALSE,FALSE,0.45,2.5,1.18
3,0,0,0,0.000663917997473449,FALSE,FALSE,0,1.5,0.6
1,0,0,0,0.000663917997473466,FALSE,FALSE,0,0.5,0.2
18.05,0,0,1.68326761426874e-42,0.00066391799747346,FALSE,FALSE,0.15,1,0.46
9.16666666666667,0,0,0,0.000663917997473469,FALSE,FALSE,0,1,0.4
1,0,0,0,0.000663917997473503,FALSE,FALSE,0,0.5,0.2
0,0,0,0,4.23036030880998e-05,FALSE,FALSE,0.15,0,0.06
1,0,1,0,0.000663917997473467,FALSE,FALSE,0,0.5,0.2
1,0,1,0,0.000663917997473478,FALSE,FALSE,0,0.5,0.2
10.75,87,1,2.39011920596093e-14,0.000663917997473449,TRUE,FALSE,0.6,1.5,0.84
0,0,0,0,0.00066391799747347,FALSE,FALSE,0.15,0,0.06
0,0,0,0,0.000663917997473469,FALSE,FALSE,0.15,0,0.06
0,0,0,0,0.000663917997473474,FALSE,FALSE,0.15,0,0.06
23.1666666666667,0,0,0,0.000663917997473448,FALSE,TRUE,0,6.5,2.6
16.1666666666667,34.2,1,0,0.000663917997473449,FALSE,TRUE,0.3,1.5,0.72
10.8833333333333,0,0,0,0.000663917997473466,FALSE,FALSE,0,0.5,0.2
0,0,0,0,0.000663917997473461,FALSE,FALSE,0.45,0,0.18
2,3,1,0,0.00066391799747345,FALSE,FALSE,0.45,1,0.58
0,0,0,0,0.000663917997473467,FALSE,FALSE,0.15,0,0.06
0,0,1,0,0.000663917997473471,FALSE,FALSE,0.15,0,0.06
14.6666666666667,0,0,0,0.000663917997473465,FALSE,FALSE,0,0.5,0.2
0,0,0,0,0.000663917997473467,FALSE,FALSE,0.15,0,0.06
33.6333333333333,0,0,1.61810379500416e-29,0.000663917997473467,FALSE,FALSE,0,0.5,0.2
0,0,0,0,0.000663917997473472,FALSE,FALSE,0.3,0,0.12
1,0,1,0,0.000663917997473467,FALSE,FALSE,0,0.5,0.2
0,0,0,0,0.000663917997473469,FALSE,FALSE,0.15,0,0.06
14.6666666666667,0,1,0,0.000663917997473465,FALSE,FALSE,0,1,0.4
0,0,0,0,0.000663917997473467,FALSE,FALSE,0.15,0,0.06
3,0,0,0,0.000663917997473449,FALSE,FALSE,0,1.5,0.6
1,0,1,0,0.000663917997473467,FALSE,FALSE,0,0.5,0.2
21.8,311.5,0,0,0.000663917997473443,FALSE,FALSE,1.05,2,1.22
0,0,0,0,0.000663917997473448,FALSE,TRUE,0.75,0,0.3
38.55,1415.41810966811,1,1.21645499649906e-10,0.000663917997473442,TRUE,TRUE,1.5,8.5,4
4,0,1,0,0.000663917997473504,FALSE,TRUE,0,2,0.8
18.6666666666667,144.3,1,0,0.000663917997473446,FALSE,FALSE,0.15,2,0.86
1,1.5,0,0,0.000663917997473453,FALSE,FALSE,0.15,0.5,0.26
1,0,0,0,0.000663917997473465,FALSE,FALSE,0,0.5,0.2
1,4,1,0,0.000663917997473449,FALSE,FALSE,0.3,0.5,0.32
3.33333333333333,0,0,0,0.00066391799747347,FALSE,FALSE,0,0.5,0.2
0,0,0,0,0.000663917997473467,FALSE,FALSE,0.15,0,0.06
14.6666666666667,0,1,0,0.000663917997473465,FALSE,FALSE,0,0.5,0.2
14.6666666666667,0,1,0,0.000663917997473465,FALSE,FALSE,0,0.5,0.2
0,0,0,0,0.000663917997473467,FALSE,FALSE,0.15,0,0.06
0,0,0,0,0.000663917997473453,FALSE,FALSE,0.3,0,0.12
0,0,0,0,0.000663917997473474,FALSE,FALSE,0.15,0,0.06
0,0,0,0,0.000663917997473474,FALSE,FALSE,0.15,0,0.06
0,0,0,0,0.000663917997473474,FALSE,FALSE,0.15,0,0.06
0,0,0,0,0.000663917997473474,FALSE,FALSE,0.15,0,0.06
0,0,0,0,0.000663917997473474,FALSE,FALSE,0.15,0,0.06
0,0,0,0,0.000663917997473474,FALSE,FALSE,0.15,0,0.06
14.6666666666667,0,1,0,0.000663917997473465,FALSE,FALSE,0,0.5,0.2
0,0,0,0,0.000663917997473474,FALSE,FALSE,0.15,0,0.06
0,0,0,0,0.000663917997473468,FALSE,FALSE,0.15,0,0.06
1,0,0,0,0.000663917997473493,FALSE,FALSE,0,0.5,0.2
0,0,0,0,0.000663917997473474,FALSE,FALSE,0.15,0,0.06
0,0,0,0,0.000663917997473467,FALSE,FALSE,0.15,0,0.06
0,0,0,0,-4.41341113934305e-05,FALSE,TRUE,0.3,0,0.12
0,0,0,0,0.000663917997473455,FALSE,FALSE,0.3,0,0.12
1,0,0,0,0.000663917997473491,FALSE,FALSE,0,0.5,0.2
0,0,0,0,0.000663917997473478,FALSE,FALSE,0.15,0,0.06
0,0,0,0,0.000663917997473469,FALSE,FALSE,0.3,0,0.12
0,0,0,0,0.000663917997473472,FALSE,FALSE,0.3,0,0.12
0,0,0,0,0.000663917997473467,FALSE,FALSE,0.15,0,0.06
0,0,0,0,0.000663917997473459,FALSE,FALSE,0.6,0,0.24
0,0,0,0,0.000220384745518882,FALSE,FALSE,0.15,0,0.06
0,0,0,0,0.000663917997473468,FALSE,FALSE,0.15,0,0.06
1,0,0,0,0.000663917997473453,FALSE,FALSE,0.15,0.5,0.26
0,0,0,0,0.000663917997473474,FALSE,FALSE,0.15,0,0.06
0,0,0,0,0.000663917997473482,FALSE,FALSE,0.15,0,0.06
0,0,0,0,0.000663917997473459,FALSE,FALSE,0.6,0,0.24
0,0,0,0,0.000663917997473524,FALSE,FALSE,0.15,0,0.06
0,0,0,0,4.54220876159308e-05,FALSE,FALSE,0.15,0,0.06
0,0,0,0,0.000663917997473472,FALSE,FALSE,0.15,0,0.06
14.6666666666667,32,0,0,0.000663917997473454,FALSE,FALSE,0.3,0.5,0.32
1,0,1,0,0.000663917997473478,FALSE,FALSE,0,0.5,0.2
0,0,0,0,0.000297356623067662,FALSE,FALSE,0.15,0,0.06
0,0,0,0,0.000663917997473492,FALSE,FALSE,0.3,0,0.12
1,0,1,0,0.000663917997473478,FALSE,FALSE,0,0.5,0.2
1,0.25,1,0,0.000663917997473449,FALSE,FALSE,0.75,0.5,0.5
0,0,0,0,0.000663917997473454,FALSE,FALSE,0.3,0,0.12
0,0,0,0,0.000663917997473449,FALSE,FALSE,0.9,0,0.36
0,0,0,0,0.000663917997473454,FALSE,FALSE,0.9,0,0.36
0,0,0,0,0.000663917997473471,FALSE,FALSE,0.15,0,0.06
0,0,0,0,4.0629097824248e-05,FALSE,FALSE,0.15,0,0.06
0,0,0,0,0.000663917997473447,FALSE,FALSE,1.2,0,0.48
2.5,0,1,0,0.000663917997473457,FALSE,FALSE,0,1,0.4
0,0,0,0,0.000663917997473498,FALSE,TRUE,0.45,0,0.18
0,0,0,0,0.000663917997473468,FALSE,FALSE,0.15,0,0.06
0,0,0,0,-4.41599926454224e-05,FALSE,TRUE,0.3,0,0.12
0,0,0,0,0.000663917997473483,FALSE,FALSE,0.15,0,0.06
0,0,0,0,0.000663917997473468,FALSE,FALSE,0.15,0,0.06
0,0,0,0,0.000663917997473448,FALSE,TRUE,2.1,0,0.84
0,0,0,0,0.000663917997473467,FALSE,FALSE,0.15,0,0.06
14.6666666666667,0,1,0,0.000663917997473465,FALSE,FALSE,0,0.5,0.2
0,0,0,0,0.000663917997473468,FALSE,FALSE,0.15,0,0.06
0,0,0,0,0.000663917997473455,FALSE,FALSE,0.3,0,0.12
0,0,0,0,0.000245367631916272,FALSE,FALSE,0.15,0,0.06
0,0,0,0,0.000245367631916267,FALSE,FALSE,0.15,0,0.06
1,0,0,0,0.000663917997473503,FALSE,FALSE,0,0.5,0.2
0,0,0,0,0.000663917997473477,FALSE,FALSE,0.15,0,0.06
2,0,0,0,0.000663917997473453,FALSE,FALSE,0,1,0.4
0,0,0,0,0.00066391799747345,FALSE,TRUE,0.75,0,0.3
0,0,0,0,0.000663917997473467,FALSE,FALSE,0.15,0,0.06
0,0,0,0,0.000663917997473467,FALSE,FALSE,0.15,0,0.06
30.6619047619048,110,0,6.54282642048376e-22,0.000663917997473459,FALSE,TRUE,0.45,1.5,0.78
0,0,0,0,0.000663917997473477,FALSE,FALSE,0.15,0,0.06
0,0,0,0,0.000663917997473467,FALSE,FALSE,0.15,0,0.06
1,0,1,0,0.000663917997473517,FALSE,FALSE,0,0.5,0.2
2,0,0,0,0.000663917997473468,FALSE,TRUE,0,1,0.4
0,0,0,0,0.000663917997473491,FALSE,FALSE,0.15,0,0.06
8,0,0,0,0.000663917997473475,FALSE,TRUE,0,4,1.6
14.6666666666667,0,1,0,0.000663917997473465,FALSE,FALSE,0,0.5,0.2
14.6666666666667,0,1,0,0.000663917997473465,FALSE,FALSE,0,0.5,0.2
0,0,0,0,0.000663917997473467,FALSE,FALSE,0.15,0,0.06
0,0,0,0,0.000663917997473475,FALSE,FALSE,0.15,0,0.06
14.6666666666667,0,1,0,0.000663917997473465,FALSE,FALSE,0,0.5,0.2
3,0,0,0,0.000663917997473446,FALSE,FALSE,0.15,1.5,0.66
0,0,0,0,0.000663917997473471,FALSE,FALSE,0.15,0,0.06
14.6666666666667,0,1,0,0.000663917997473465,FALSE,FALSE,0,0.5,0.2
0,0,0,0,0.000663917997473477,FALSE,FALSE,0.15,0,0.06
4,58,0,0,0.000663917997473448,FALSE,TRUE,0.3,2,0.92
14.6666666666667,0,1,0,0.000663917997473465,FALSE,FALSE,0,0.5,0.2
0,0,0,0,0.000663917997473475,FALSE,FALSE,0.15,0,0.06
31.2452380952381,0,0,6.54282642048376e-22,0.000663917997473456,FALSE,FALSE,0,1,0.4
0,0,0,0,0.00066391799747348,FALSE,FALSE,0.15,0,0.06
0,0,0,0,0.000663917997473482,FALSE,FALSE,0.3,0,0.12
7,0,0,0,0.000663917997473445,FALSE,TRUE,0,3.5,1.4
0,0,0,0,0.000663917997473493,FALSE,FALSE,0.15,0,0.06
0,0,0,0,0.000663917997473442,FALSE,TRUE,2.4,0,0.96
21.6666666666667,174.052525252525,1,1.07873586333611e-29,0.000663917997473444,FALSE,TRUE,1.05,2.5,1.42
0,0,0,0,0.000663917997473452,FALSE,FALSE,0.45,0,0.18
10,10,0,0,0.000663917997473457,FALSE,TRUE,0.15,6.5,2.66
0,0,0,0,0.000663917997473468,FALSE,FALSE,0.15,0,0.06
0,0,0,0,0.000663917997473481,FALSE,FALSE,0.15,0,0.06
0,0,0,0,0.000663917997473467,FALSE,FALSE,0.15,0,0.06
1,0,1,0,0.000663917997473478,FALSE,FALSE,0,0.5,0.2
0,0,0,0,0.0006639179974735,FALSE,FALSE,0.15,0,0.06
0,0,0,0,0.000663917997473452,FALSE,FALSE,0.45,0,0.18
0,0,0,0,0.000663917997473475,FALSE,FALSE,0.15,0,0.06
111.95119047619,355,0,0.137853038971146,0.000663917997473457,FALSE,TRUE,0.15,1.5,0.66
10.5349206349206,0,0,1.61810379500416e-29,0.000663917997473492,FALSE,TRUE,0,1.5,0.6
98.3928571428571,0,0,0.118581166079114,0.000663917997473454,FALSE,FALSE,0,1,0.4
15.6666666666667,0,1,0,0.000663917997473465,FALSE,TRUE,0,1,0.4
5.33333333333333,0,1,0,0.00066391799747345,FALSE,FALSE,0.15,1.5,0.66
0,0,0,0,0.000663917997473466,FALSE,FALSE,0.15,0,0.06
57.0833333333333,48.8666666666667,1,6.37550146716218e-14,0.000663917997473443,FALSE,TRUE,0.3,12.5,5.12
0,0,0,0,0.000663917997473468,FALSE,FALSE,0.15,0,0.06
1,0,0,0,0.000663917997473455,FALSE,FALSE,0.15,0.5,0.26
0,0,0,0,0.000663917997473467,FALSE,FALSE,0.15,0,0.06
130.454761904762,6144.89688644689,1,0.304121397682502,0.000663917997473442,TRUE,TRUE,0.9,9,3.96
0,0,0,0,0.000663917997473471,FALSE,FALSE,0.15,0,0.06
0,0,0,0,0.000663917997473575,FALSE,FALSE,0.15,0,0.06
0,0,0,0,0.000663917997473441,FALSE,TRUE,5.85,0,2.34
3,0,0,0,0.000663917997473463,FALSE,TRUE,0,1.5,0.6
1,0,0,0,0.000663917997473503,FALSE,FALSE,0,0.5,0.2
0,0,0,0,0.00066391799747348,FALSE,FALSE,0.15,0,0.06
0,0,0,0,0.000663917997473476,FALSE,FALSE,0.15,0,0.06
0,0,0,0,0.000663917997473464,FALSE,FALSE,0.3,0,0.12
14.6666666666667,0,1,0,0.000663917997473465,FALSE,FALSE,0,0.5,0.2
0,0,0,0,0.00066391799747353,FALSE,FALSE,0.15,0,0.06
0,0,0,0,0.00066391799747353,FALSE,FALSE,0.15,0,0.06
1,0,1,0,0.000663917997473517,FALSE,FALSE,0,0.5,0.2
0,0,0,0,0.000663917997473482,FALSE,FALSE,0.15,0,0.06
2,0,1,0,0.000663917997473456,FALSE,FALSE,0,1,0.4
1,0,0,0,0.000663917997473475,FALSE,FALSE,0,0.5,0.2
0,0,0,0,0.000663917997473481,FALSE,FALSE,0.15,0,0.06
0,0,0,0,0.000663917997473469,FALSE,FALSE,0.15,0,0.06
0,0,0,0,0.000663917997473459,FALSE,FALSE,0.3,0,0.12
0,0,0,0,0.000663917997473469,FALSE,FALSE,0.15,0,0.06
22.4964285714286,0,0,6.29725116609563e-22,0.000663917997473485,FALSE,FALSE,0,0.5,0.2
2,0.486111111111111,1,0,0.00066391799747345,FALSE,FALSE,0.15,1,0.46
0,0,0,0,0.0006639179974735,FALSE,FALSE,0.15,0,0.06
0,0,0,0,0.000663917997473471,FALSE,FALSE,0.15,0,0.06
2,0,0,0,0.000663917997473453,FALSE,FALSE,0,1,0.4
0,0,0,0,0.000663917997473467,FALSE,FALSE,0.15,0,0.06
0,0,0,0,0.000663917997473494,FALSE,FALSE,0.15,0,0.06
0,0,0,0,0.000663917997473466,FALSE,FALSE,0.15,0,0.06
24.8333333333333,0,1,0,0.00066391799747345,FALSE,FALSE,0,1.5,0.6
4,45,0,0,0.000663917997473451,FALSE,TRUE,0.15,2,0.86
0,0,0,0,0.000663917997473467,FALSE,FALSE,0.15,0,0.06
16.05,0,0,2.74971886732733e-30,0.000663917997473469,FALSE,TRUE,0,1,0.4
9.68809523809524,0,0,8.249156601982e-30,0.000663917997473476,FALSE,FALSE,0,0.5,0.2
1,0,1,0,2.25404483264113e-05,FALSE,FALSE,0,0.5,0.2
3,3,0,0,3.64803839440672e-05,FALSE,TRUE,0.15,1.5,0.66
2,0,0,0,0.000663917997473466,FALSE,TRUE,0,1,0.4
0,0,0,0,0.000663917997473494,FALSE,FALSE,0.15,0,0.06
1,0,0,0,0.000663917997473492,FALSE,FALSE,0,0.5,0.2
1,0,1,0,0.000663917997473517,FALSE,FALSE,0,0.5,0.2
0,0,0,0,0.000663917997473494,FALSE,FALSE,0.15,0,0.06
5,0.1,1,0,0.000663917997473445,FALSE,FALSE,0.15,2.5,1.06
14.6666666666667,0,1,0,0.000663917997473465,FALSE,FALSE,0,0.5,0.2
19.6333333333333,113,1,0,0.000663917997473448,FALSE,TRUE,0.3,2.5,1.12
11.8833333333333,0,1,0,0.000663917997473466,FALSE,TRUE,0,1,0.4
1,0,0,0,2.82306620910994e-05,FALSE,FALSE,0,0.5,0.2
0,0,0,0,0.000663917997473476,FALSE,FALSE,0.15,0,0.06
0,0,0,0,0.000663917997473467,FALSE,FALSE,0.15,0,0.06
0,0,0,0,0.000663917997473457,FALSE,FALSE,0.3,0,0.12
2,3,0,0,0.000663917997473461,FALSE,TRUE,0.3,1,0.52
0,0,0,0,0.000663917997473478,FALSE,TRUE,0.9,0,0.36
0,0,0,0,0.000663917997473591,FALSE,FALSE,0.15,0,0.06
0,0,0,0,0.000663917997473467,FALSE,FALSE,0.15,0,0.06
1,0,1,0,0.000663917997473447,FALSE,FALSE,0.45,0.5,0.38
0,0,0,0,0.000663917997473494,FALSE,TRUE,0.3,0,0.12
0,0,0,0,0.0006639179974735,FALSE,FALSE,0.15,0,0.06
108.92619047619,0,0,0.118581166079114,0.000663917997473443,FALSE,TRUE,0,8.5,3.4
10.8833333333333,0,0,0,0.000663917997473466,FALSE,FALSE,0,0.5,0.2
0,0,0,0,0.000663917997473468,FALSE,FALSE,0.15,0,0.06
1,67,0,0,0.000663917997473456,FALSE,TRUE,0.45,1,0.58
2,0,0,0,0.000663917997473469,FALSE,TRUE,0,1,0.4
31.4833333333333,0,0,1.07376308664085e-11,0.000663917997473449,FALSE,FALSE,0,1.5,0.6
86.8837301587302,0,0,0.0479031414329005,0.000663917997473467,FALSE,FALSE,0,0.5,0.2
0,0,0,0,0.000663917997473478,FALSE,FALSE,0.15,0,0.06
0,0,0,0,0.000663917997473474,FALSE,FALSE,0.15,0,0.06
13,0,0,0,0.000663917997473449,FALSE,TRUE,0,3,1.2
0,0,0,0,0.00066391799747345,FALSE,FALSE,0.45,0,0.18
1,0,0,0,0.000663917997473467,FALSE,FALSE,0,0.5,0.2
0,0,0,0,0.000663917997473461,FALSE,FALSE,0.45,0,0.18
1,0,1,0,0.000663917997473478,FALSE,FALSE,0,0.5,0.2
1,0,1,0,0.000663917997473478,FALSE,FALSE,0,0.5,0.2
0,0,0,0,0.000663917997473477,FALSE,FALSE,0.15,0,0.06
0,0,0,0,0.000220470958712666,FALSE,FALSE,0.15,0,0.06
15.8833333333333,0,0,0,0.000663917997473451,FALSE,TRUE,0,3,1.2
0,0,0,0,0.000220470958712667,FALSE,FALSE,0.15,0,0.06
3.33333333333333,4,0,0,0.000663917997473457,FALSE,FALSE,0.15,0.5,0.26
2,0,0,0,0.000663917997473458,FALSE,FALSE,0.15,1,0.46
6,0,0,0,0.000663917997473446,FALSE,TRUE,0,3,1.2
3.33333333333333,0,1,0,0.00066391799747347,FALSE,FALSE,0,0.5,0.2
5,93,0,0,0.000663917997473447,FALSE,TRUE,0.15,2.5,1.06
0,0,0,0,0.000663917997473457,FALSE,FALSE,0.45,0,0.18
1.5,0,1,0,0.00066391799747347,FALSE,FALSE,0,0.5,0.2
0,0,0,0,0.000663917997473482,FALSE,FALSE,0.45,0,0.18
0,0,0,0,0.000220470958712666,FALSE,FALSE,0.15,0,0.06
0,0,0,0,0.000663917997473467,FALSE,FALSE,0.15,0,0.06
0,0,0,0,0.00066391799747353,FALSE,FALSE,0.15,0,0.06
1,0,1,0,0.000663917997473467,FALSE,FALSE,0,0.5,0.2
17.1666666666667,0,1,0,0.00066391799747345,FALSE,TRUE,0,2.5,1
93.6238095238095,390,0,0.0409090720165796,0.000663917997473451,FALSE,TRUE,0.15,2,0.86
2,0,0,0,0.000663917997473453,FALSE,FALSE,0,1,0.4
16.6666666666667,0,0,0,0.000663917997473449,FALSE,FALSE,0,1.5,0.6
0,0,0,0,0.000663917997473441,FALSE,FALSE,3.3,0,1.32
14.4880952380952,105.876984126984,1,1.07873586333611e-29,0.000663917997473444,FALSE,TRUE,0.6,3,1.44
11.8833333333333,4,0,0,0.000663917997473449,FALSE,FALSE,0.3,1,0.52
28.55,0,0,0,0.000663917997473449,FALSE,TRUE,0,5,2
1,0,1,0,0.000663917997473517,FALSE,FALSE,0,0.5,0.2
1,0,0,0,0.000663917997473495,FALSE,FALSE,0,0.5,0.2
0,0,0,0,0.000663917997473494,FALSE,FALSE,0.15,0,0.06
0,0,0,0,0.0006639179974735,FALSE,FALSE,0.15,0,0.06
0,0,0,0,0.000663917997473524,FALSE,FALSE,0.15,0,0.06
0,0,0,0,0.0006639179974735,FALSE,FALSE,0.15,0,0.06
3,16,0,0,0.000663917997473447,FALSE,FALSE,0.3,1.5,0.72
34.3333333333333,0,0,1.28411604143085e-14,0.00066391799747345,FALSE,TRUE,0,2.5,1
95.7154761904762,0,0,0.125358068242268,0.000663917997473467,FALSE,FALSE,0,0.5,0.2
0,0,0,0,0.000663917997473469,FALSE,FALSE,0.15,0,0.06
4,43.7238095238095,0,0,0.000663917997473446,FALSE,FALSE,0.15,2,0.86
10.8833333333333,0,0,0,0.000663917997473466,FALSE,FALSE,0,1,0.4
8.83333333333333,0,0,4.95998323831231e-15,0.000663917997473458,FALSE,FALSE,0,1,0.4
0,0,0,0,0.00066391799747347,FALSE,FALSE,0.15,0,0.06
0,0,0,0,0.000663917997473465,FALSE,FALSE,0.15,0,0.06
0,0,0,0,0.000663917997473442,FALSE,FALSE,2.7,0,1.08
2,0,1,0,0.000663917997473456,FALSE,FALSE,0,1,0.4
98.9654761904762,261.588235294118,0,0.125358068242268,0.000663917997473454,FALSE,FALSE,0.15,1,0.46
14.6666666666667,0,1,0,0.000663917997473465,FALSE,FALSE,0,0.5,0.2
1,45,0,0,0.000663917997473467,FALSE,TRUE,0.15,0.5,0.26
0,0,0,0,0.000663917997473468,FALSE,FALSE,0.15,0,0.06
0,0,0,0,0.000663917997473524,FALSE,FALSE,0.15,0,0.06
0,0,0,0,0.000663917997473524,FALSE,TRUE,0.3,0,0.12
1,0,1,0,0.000663917997473478,FALSE,FALSE,0,0.5,0.2
1,0,1,0,0.000663917997473467,FALSE,FALSE,0,0.5,0.2
0,0,0,0,0.00066391799747348,FALSE,FALSE,0.15,0,0.06
0,0,0,0,0.000663917997473479,FALSE,FALSE,0.3,0,0.12
0,0,0,0,0.000663917997473468,FALSE,FALSE,0.15,0,0.06
1,0,1,0,0.000663917997473517,FALSE,FALSE,0,0.5,0.2
0,0,0,0,0.000663917997473469,FALSE,FALSE,0.15,0,0.06
0,0,0,0,0.000663917997473454,FALSE,FALSE,0.3,0,0.12
20.5,0,1,0,0.000663917997473469,FALSE,TRUE,0,11,4.4
0,0,0,0,0.000663917997473445,FALSE,FALSE,0.75,0,0.3
0,0,0,0,0.000663917997473454,FALSE,FALSE,0.45,0,0.18
0,0,0,0,0.000663917997473456,FALSE,TRUE,0.45,0,0.18
0,0,0,0,0.000663917997473467,FALSE,FALSE,0.3,0,0.12
0,0,0,0,0.000663917997473469,FALSE,FALSE,0.15,0,0.06
0,0,0,0,0.000663917997473469,FALSE,FALSE,0.15,0,0.06
0,0,0,0,0.000663917997473453,FALSE,TRUE,0.6,0,0.24
1,0,0,0,0.000663917997473503,FALSE,FALSE,0,0.5,0.2
28.1666666666667,93.1717171717172,1,1.08931170513352e-29,0.000663917997473446,FALSE,TRUE,0.45,6.5,2.78
10.8833333333333,0,0,0,0.000663917997473466,FALSE,FALSE,0,0.5,0.2
14.6666666666667,84,1,0,0.000663917997473453,FALSE,FALSE,0.15,0.5,0.26
1,0,1,0,0.000663917997473467,FALSE,FALSE,0,0.5,0.2
2,0,0,0,0.000663917997473453,FALSE,FALSE,0,1,0.4
1,0,0,0,0.000663917997473523,FALSE,FALSE,0,0.5,0.2
14.6666666666667,31,1,0,0.000663917997473458,FALSE,FALSE,0.15,0.5,0.26
103.757142857143,2.175,0,0.0715294568990501,0.000663917997473445,FALSE,FALSE,0.15,2.5,1.06
1,0,0,0,-4.40276977883949e-05,FALSE,FALSE,0,0.5,0.2
1,0,0,0,0.000663917997473466,FALSE,FALSE,0,0.5,0.2
14.6666666666667,0,1,0,0.000663917997473465,FALSE,FALSE,0,0.5,0.2
19.8833333333333,0,0,0,0.000663917997473467,FALSE,FALSE,0,0.5,0.2
6,0.6,0,0,0.000663917997473445,FALSE,FALSE,0.15,3.5,1.46
16.6333333333333,0,1,0,0.00066391799747345,FALSE,FALSE,0.15,1,0.46
11.8833333333333,34,1,0,0.000663917997473491,FALSE,TRUE,0.15,1,0.46
7,55.1,0,0,0.000663917997473443,FALSE,FALSE,0.15,3.5,1.46
14.6666666666667,0,1,0,0.000663917997473465,FALSE,FALSE,0,0.5,0.2
0,0,0,0,0.000663917997473481,FALSE,FALSE,0.15,0,0.06
0,0,0,0,0.000663917997473481,FALSE,FALSE,0.15,0,0.06
0,0,0,0,0.000663917997473481,FALSE,FALSE,0.15,0,0.06
14.6666666666667,0,1,0,0.000663917997473465,FALSE,FALSE,0,0.5,0.2
2,9.5,1,0,0.000663917997473449,FALSE,TRUE,1.05,1,0.82
0,0,0,0,0.000663917997473467,FALSE,FALSE,0.15,0,0.06
1,0,1,0,0.000663917997473478,FALSE,FALSE,0,0.5,0.2
8.13333333333333,0,0,4.95998323831231e-15,0.000663917997473456,FALSE,FALSE,0.15,0.5,0.26
0,0,0,0,0.00066391799747346,FALSE,FALSE,0.3,0,0.12
0,0,0,0,0.000663917997473467,FALSE,FALSE,0.45,0,0.18
0,0,0,0,0.000663917997473467,FALSE,FALSE,0.15,0,0.06
0,0,0,0,0.000663917997473468,FALSE,FALSE,0.15,0,0.06
1,0,0,0,0.000663917997473465,FALSE,FALSE,0,0.5,0.2
1,0,1,0,0.000663917997473474,FALSE,FALSE,0,0.5,0.2
1,0,0,0,0.000663917997473495,FALSE,FALSE,0,0.5,0.2
0,0,0,0,0.000663917997473494,FALSE,FALSE,0.15,0,0.06
2.5,0,1,0,0.000663917997473467,FALSE,TRUE,0,1,0.4
0,0,0,0,0.0006639179974735,FALSE,FALSE,0.15,0,0.06
2.5,0,1,0,0.000663917997473457,FALSE,FALSE,0,1,0.4
1,0,1,0,0.000663917997473478,FALSE,FALSE,0,0.5,0.2
1,0,1,0,0.000663917997473478,FALSE,FALSE,0,0.5,0.2
0,0,0,0,0.000663917997473471,FALSE,FALSE,0.15,0,0.06
0,0,0,0,0.000663917997473478,FALSE,FALSE,0.15,0,0.06
14.7714285714286,0,0,0,0.000663917997473473,FALSE,FALSE,0,0.5,0.2
0,0,0,0,0.000663917997473471,FALSE,FALSE,0.75,0,0.3
0,0,0,0,0.000663917997473476,FALSE,FALSE,0.15,0,0.06
0,0,0,0,0.000663917997473471,FALSE,FALSE,0.15,0,0.06
0,0,0,0,0.000663917997473457,FALSE,FALSE,0.45,0,0.18
0,0,0,0,0.000663917997473454,FALSE,FALSE,0.3,0,0.12
0,0,0,0,0.00066391799747345,FALSE,TRUE,0.6,0,0.24
0,0,0,0,0.000297356309321742,FALSE,FALSE,0.15,0,0.06
0,0,0,0,0.000663917997473524,FALSE,FALSE,0.15,0,0.06
17.6666666666667,0,0,0,0.000663917997473453,FALSE,TRUE,0,2,0.8
14.6666666666667,0,1,0,0.000663917997473465,FALSE,FALSE,0,0.5,0.2
1,0,0,0,0.000663917997473523,FALSE,FALSE,0,0.5,0.2
10.8833333333333,0,0,0,0.000663917997473466,FALSE,FALSE,0,0.5,0.2
1,0,1,0,0.000663917997473467,FALSE,FALSE,0,0.5,0.2
6,90,0,0,0.000663917997473447,FALSE,TRUE,0.15,2.5,1.06
15.6666666666667,0,0,0,0.000663917997473465,FALSE,TRUE,0,1,0.4
1,0,0,0,0.000663917997473479,FALSE,FALSE,0,0.5,0.2
1,0,0,0,0.000663917997473453,FALSE,FALSE,0.15,0.5,0.26
13.8833333333333,480,0,0,0.00066391799747345,FALSE,TRUE,0.15,2.5,1.06
19.8833333333333,0,0,0,0.000663917997473467,FALSE,FALSE,0,0.5,0.2
2,0,0,0,0.000663917997473466,FALSE,TRUE,0,1,0.4
4,0,0,0,0.000663917997473447,FALSE,FALSE,0,2,0.8
14.6666666666667,0,1,0,0.000663917997473465,FALSE,FALSE,0,0.5,0.2
14.6666666666667,0,1,0,0.000663917997473465,FALSE,FALSE,0,0.5,0.2
14.6666666666667,0,1,0,0.000663917997473465,FALSE,FALSE,0,0.5,0.2
14.6666666666667,0,1,0,0.000663917997473465,FALSE,FALSE,0,0.5,0.2
0,0,0,0,0.000663917997473453,FALSE,TRUE,0.6,0,0.24
0,0,0,0,0.000663917997473459,FALSE,FALSE,0.3,0,0.12
0,0,0,0,0.000663917997473468,FALSE,FALSE,0.15,0,0.06
0,0,0,0,0.00066391799747348,FALSE,FALSE,0.15,0,0.06
0,0,0,0,0.000663917997473472,FALSE,FALSE,0.15,0,0.06
0,0,0,0,0.000663917997473472,FALSE,FALSE,0.15,0,0.06
0,0,0,0,0.000663917997473457,FALSE,FALSE,0.3,0,0.12
0,0,0,0,0.000663917997473472,FALSE,FALSE,0.15,0,0.06
0,0,0,0,0.000663917997473472,FALSE,FALSE,0.15,0,0.06
0,0,0,0,0.000663917997473458,FALSE,FALSE,0.3,0,0.12
1,0,0,0,0.000663917997473465,FALSE,FALSE,0,0.5,0.2
0,0,0,0,0.000663917997473495,FALSE,FALSE,0.15,0,0.06
0,0,0,0,0.000663917997473454,FALSE,FALSE,0.3,0,0.12
0,0,0,0,0.0006639179974735,FALSE,FALSE,0.15,0,0.06
0,0,0,0,0.000663917997473476,FALSE,FALSE,0.15,0,0.06
14.6666666666667,0,1,0,0.000663917997473465,FALSE,FALSE,0,0.5,0.2
0,0,0,0,0.000663917997473515,FALSE,FALSE,0.3,0,0.12
0,0,0,0,0.000663917997473472,FALSE,FALSE,0.15,0,0.06
0,0,0,0,0.000663917997473469,FALSE,FALSE,0.15,0,0.06
0,0,0,0,0.000663917997473469,FALSE,FALSE,0.15,0,0.06
0,0,0,0,0.00066391799747347,FALSE,FALSE,0.15,0,0.06
0,0,0,0,0.000663917997473453,FALSE,FALSE,0.3,0,0.12
0,0,0,0,0.00066391799747344,FALSE,TRUE,10.95,0,4.38
0,0,0,0,0.000663917997473469,FALSE,FALSE,0.15,0,0.06
0,0,0,0,0.000663917997473468,FALSE,FALSE,0.15,0,0.06
0,0,0,0,0.000663917997473468,FALSE,FALSE,0.15,0,0.06
0,0,0,0,0.00066391799747347,FALSE,FALSE,0.15,0,0.06
0,0,0,0,0.000220414019246935,FALSE,FALSE,0.15,0,0.06
14.6666666666667,64,1,0,0.000663917997473465,FALSE,TRUE,0.3,0.5,0.32
0,0,0,0,0.000663917997473476,FALSE,FALSE,0.15,0,0.06
3,996.4,0,0,0.000663917997473449,FALSE,TRUE,1.05,1.5,1.02
0,0,0,0,0.00066391799747345,FALSE,TRUE,0.75,0,0.3
0,0,0,0,0.000663917997473456,FALSE,FALSE,0.45,0,0.18
0,0,0,0,0.000236898551792166,FALSE,FALSE,0.15,0,0.06
0,0,0,0,0.000220384745518882,FALSE,FALSE,0.15,0,0.06
0,0,0,0,0.000663917997473482,FALSE,FALSE,0.15,0,0.06
3,0,0,0,0.000663917997473486,FALSE,TRUE,0,1,0.4
0,0,0,0,0.000663917997473457,FALSE,FALSE,0.45,0,0.18
4,0,0,0,0.00066391799747345,FALSE,FALSE,0,2.5,1
0,0,0,0,0.00066391799747345,FALSE,FALSE,0.9,0,0.36
0,0,0,0,0.000663917997473482,FALSE,FALSE,0.3,0,0.12
0,0,0,0,0.000663917997473472,FALSE,FALSE,0.15,0,0.06
0,0,0,0,-7.85279518690772e-06,FALSE,FALSE,0.15,0,0.06
1,1,0,0,0.000663917997473474,FALSE,TRUE,0.15,0.5,0.26
0,0,0,0,0.000297320860296454,FALSE,FALSE,0.15,0,0.06
0,0,0,0,0.000663917997473481,FALSE,FALSE,0.15,0,0.06
0,0,0,0,0.000663917997473453,FALSE,FALSE,0.45,0,0.18
0,0,0,0,0.000663917997473477,FALSE,FALSE,0.15,0,0.06
2.5,0,0,0,0.000663917997473457,FALSE,FALSE,0.15,0.5,0.26
0,0,0,0,0.000663917997473467,FALSE,FALSE,0.15,0,0.06
0,0,0,0,0.00066391799747346,FALSE,FALSE,0.3,0,0.12
0,0,0,0,0.000663917997473461,FALSE,FALSE,0.3,0,0.12
0,0,0,0,0.000663917997473492,FALSE,FALSE,0.3,0,0.12
0,0,0,0,0.000663917997473478,FALSE,FALSE,0.15,0,0.06
0,0,0,0,0.000663917997473461,FALSE,FALSE,0.45,0,0.18
0,0,0,0,0.000663917997473461,FALSE,FALSE,0.45,0,0.18
14.6666666666667,29,1,0,0.00066391799747345,FALSE,FALSE,0.3,1,0.52
4.83333333333333,0,1,0,0.000663917997473452,FALSE,FALSE,0,1.5,0.6
0,0,0,0,0.000663917997473471,FALSE,FALSE,0.15,0,0.06
20.1666666666667,21,1,0,0.000663917997473447,FALSE,TRUE,0.3,3.5,1.52
39.55,1270.36507936508,1,5.73048334320693e-11,0.000663917997473442,TRUE,TRUE,0.3,10.5,4.32
3,90,0,0,0.00066391799747345,FALSE,TRUE,0.3,1.5,0.72
0,0,0,0,0.000663917997473471,FALSE,FALSE,0.15,0,0.06
17.6333333333333,0,0,0,0.000663917997473443,FALSE,FALSE,0,4,1.6
14.6666666666667,0,1,0,0.000663917997473465,FALSE,FALSE,0,0.5,0.2
98.3928571428571,0,0,0.237162332158228,0.000663917997473454,FALSE,FALSE,0,1.5,0.6
0,0,0,0,0.00066391799747347,FALSE,FALSE,0.15,0,0.06
95.7154761904762,0,0,0.125358068242268,0.000663917997473467,FALSE,FALSE,0,0.5,0.2
114.454761904762,0,0,0.125358068242268,0.000663917997473444,FALSE,TRUE,0,10,4
1,0,0,0,0.000663917997473466,FALSE,FALSE,0,0.5,0.2
0,0,0,0,0.000297356623067663,FALSE,FALSE,0.15,0,0.06
0,0,0,0,0.000663917997473469,FALSE,FALSE,0.15,0,0.06
17.8833333333333,0,0,0,0.000663917997473452,FALSE,TRUE,0,4.5,1.8
10.8833333333333,0,0,0,0.000663917997473466,FALSE,FALSE,0,0.5,0.2
1,0,0,0,-4.40077131384921e-05,FALSE,FALSE,0,0.5,0.2
0,0,0,0,0.000663917997473515,FALSE,FALSE,0.15,0,0.06
1,0,1,0,4.02816534441123e-06,FALSE,FALSE,0,0.5,0.2
0,0,0,0,4.02816534441123e-06,FALSE,FALSE,0.15,0,0.06
14.6666666666667,0,1,0,0.000663917997473465,FALSE,FALSE,0,0.5,0.2
14.6666666666667,0,1,0,0.000663917997473465,FALSE,FALSE,0,0.5,0.2
14.6666666666667,0,1,0,0.000663917997473465,FALSE,FALSE,0,0.5,0.2
10.8833333333333,0,0,0,0.000663917997473466,FALSE,FALSE,0,0.5,0.2
0,0,0,0,0.000663917997473514,FALSE,FALSE,0.15,0,0.06
30.1333333333333,0,0,9.61867208153565e-44,0.000663917997473444,FALSE,TRUE,0,8,3.2
10.8833333333333,0,0,0,0.000663917997473466,FALSE,FALSE,0,0.5,0.2
0,0,0,0,0.000663917997473467,FALSE,FALSE,0.15,0,0.06
4,0,0,0,0.000663917997473448,FALSE,TRUE,0,2,0.8
2,0.5,1,0,0.000663917997473456,FALSE,FALSE,0.15,1,0.46
19.8833333333333,0,0,0,0.000663917997473467,FALSE,FALSE,0,0.5,0.2
0,0,0,0,0.000663917997473485,FALSE,FALSE,0.15,0,0.06
0,0,0,0,0.000663917997473458,FALSE,FALSE,0.3,0,0.12
22.6666666666667,0,1,0,0.000663917997473456,FALSE,TRUE,0,5,2
8.2,37.3333333333333,1,1.12312935604089e-14,0.000663917997473447,FALSE,FALSE,0.6,1,0.64
0,0,0,0,0.000663917997473456,FALSE,FALSE,0.3,0,0.12
0,0,0,0,0.000663917997473453,FALSE,FALSE,0.3,0,0.12
7.28333333333333,10.3333333333333,1,1.12312935604089e-14,0.000663917997473449,FALSE,FALSE,0.6,0.5,0.44
12.9166666666667,122.5,1,1.05552856715669e-14,0.000663917997473445,TRUE,TRUE,0.75,4.5,2.1
4,0,0,0,0.000663917997473449,FALSE,TRUE,0,2,0.8
10.8833333333333,0,0,0,0.000663917997473466,FALSE,FALSE,0,0.5,0.2
10.8833333333333,0,0,0,0.000663917997473466,FALSE,FALSE,0,0.5,0.2
0,0,0,0,0.000663917997473481,FALSE,FALSE,0.15,0,0.06
0,0,0,0,1.16218259561196e-05,FALSE,FALSE,0.15,0,0.06
0,0,0,0,0.00066391799747349,FALSE,FALSE,0.15,0,0.06
3.5,0,1,0,0.000663917997473454,FALSE,FALSE,0,1.5,0.6
14.6666666666667,0,1,0,0.000663917997473465,FALSE,FALSE,0,0.5,0.2
0,0,0,0,0.000663917997473482,FALSE,FALSE,0.3,0,0.12
133.516666666667,8690.90445012504,1,0.346193547864564,0.000663917997473441,TRUE,TRUE,1.95,11.5,5.38
0,0,0,0,0.000663917997473467,FALSE,FALSE,0.15,0,0.06
140.433333333333,3882.14683617037,1,0.208827736103878,0.000663917997473441,TRUE,TRUE,0.75,11,4.7
37.9166666666667,0,1,1.61810379500416e-29,0.000663917997473453,FALSE,FALSE,0,1.5,0.6
1,0,0,0,0.000663917997473467,FALSE,FALSE,0,0.5,0.2
96.3821428571429,0,0,0.125358068242268,0.000663917997473453,FALSE,FALSE,0,1,0.4
0,0,0,0,0.000663917997473511,FALSE,FALSE,0.15,0,0.06
13.3833333333333,97.5,1,0,0.000663917997473449,FALSE,FALSE,0.3,1.5,0.72
82.8480158730159,0,0,0.0356812838327855,0.000663917997473457,FALSE,FALSE,0,1,0.4
0,0,0,0,0.000663917997473469,FALSE,FALSE,0.15,0,0.06
14.6666666666667,0,1,0,0.000663917997473465,FALSE,FALSE,0,0.5,0.2
2,0,1,0,0.000663917997473456,FALSE,FALSE,0,1,0.4
0,0,0,0,0.000663917997473481,FALSE,FALSE,0.15,0,0.06
1,0,0,0,0.000663917997473495,FALSE,FALSE,0,0.5,0.2
0,0,0,0,0.000297356623067663,FALSE,FALSE,0.15,0,0.06
3,0,0,0,0.000663917997473449,FALSE,FALSE,0,1.5,0.6
0,0,0,0,0.000663917997473467,FALSE,FALSE,0.15,0,0.06
0,0,0,0,0.000663917997473467,FALSE,FALSE,0.15,0,0.06
0,0,0,0,0.000663917997473461,FALSE,FALSE,0.45,0,0.18
0,0,0,0,0.000663917997473515,FALSE,FALSE,0.15,0,0.06
2,0,1,0,0.000663917997473456,FALSE,FALSE,0,1,0.4
10.5,0,0,0,0.000663917997473481,FALSE,FALSE,0,0.5,0.2
0,0,0,0,0.000220414019246935,FALSE,FALSE,0.15,0,0.06
1.5,0,1,0,0.00066391799747347,FALSE,FALSE,0,0.5,0.2
1,0,1,0,0.000663917997473467,FALSE,FALSE,0,0.5,0.2
1,2,0,0,0.000663917997473481,FALSE,TRUE,0.15,0.5,0.26
0,0,0,0,0.000663917997473454,FALSE,FALSE,0.6,0,0.24
0,0,0,0,0.000663917997473452,FALSE,FALSE,0.45,0,0.18
2,0,0,0,0.000663917997473453,FALSE,FALSE,0,1,0.4
0,0,0,0,0.000663917997473468,FALSE,FALSE,0.15,0,0.06
0,0,0,0,0.000663917997473469,FALSE,FALSE,0.15,0,0.06
0,0,0,0,0.000663917997473459,FALSE,FALSE,0.3,0,0.12
0,0,0,0,0.000663917997473466,FALSE,FALSE,0.15,0,0.06
0,0,0,0,0.000663917997473472,FALSE,FALSE,0.15,0,0.06
0,0,0,0,0.000663917997473455,FALSE,FALSE,0.3,0,0.12
0,0,0,0,0.000663917997473524,FALSE,FALSE,0.15,0,0.06
0,0,0,0,0.000663917997473459,FALSE,FALSE,0.3,0,0.12
6.5,0,0,0,0.000663917997473474,FALSE,TRUE,0,2.5,1
0,0,0,0,0.000663917997473472,FALSE,FALSE,0.15,0,0.06
1,0,1,0,0.000663917997473478,FALSE,FALSE,0,0.5,0.2
0,0,0,0,0.000663917997473481,FALSE,FALSE,0.15,0,0.06
0,0,0,0,0.000663917997473481,FALSE,FALSE,0.15,0,0.06
0,0,0,0,0.000663917997473468,FALSE,FALSE,0.15,0,0.06
1,0,0,0,0.000663917997473465,FALSE,FALSE,0,1,0.4
1,0,1,0,0.000663917997473478,FALSE,FALSE,0,0.5,0.2
0,0,0,0,0.000663917997473467,FALSE,FALSE,0.15,0,0.06
0,0,0,0,0.000663917997473477,FALSE,FALSE,0.15,0,0.06
0,0,0,0,0.000663917997473467,FALSE,FALSE,0.15,0,0.06
2,0,0,0,0.000663917997473473,FALSE,TRUE,0,1,0.4
33.1333333333333,59.5,0,0,0.000663917997473446,FALSE,TRUE,0.15,7.5,3.06
1,0,0,0,0.000663917997473492,FALSE,FALSE,0.15,0.5,0.26
2,0,0,0,0.000663917997473456,FALSE,FALSE,0,1,0.4
0,0,0,0,0.000663917997473455,FALSE,FALSE,0.3,0,0.12
10.8833333333333,0,0,0,0.000663917997473466,FALSE,FALSE,0,0.5,0.2
102.12619047619,0,0,0.118581166187225,0.000663917997473449,FALSE,FALSE,0,1.5,0.6
0,0,0,0,0.000663917997473469,FALSE,FALSE,0.15,0,0.06
14.6666666666667,64,1,0,0.000663917997473465,FALSE,TRUE,0.15,1,0.46
4,0,0,0,0.000663917997473446,FALSE,FALSE,0,2,0.8
0,0,0,0,0.00066391799747347,FALSE,FALSE,0.15,0,0.06
0,0,0,0,0.000663917997473482,FALSE,FALSE,0.15,0,0.06
0,0,0,0,0.000663917997473476,FALSE,FALSE,0.15,0,0.06
0,0,0,0,0.000663917997473468,FALSE,FALSE,0.3,0,0.12
0,0,0,0,0.000220414019246934,FALSE,FALSE,0.15,0,0.06
0,0,0,0,0.000663917997473468,FALSE,FALSE,0.15,0,0.06
0,0,0,0,0.000663917997473459,FALSE,FALSE,0.3,0,0.12
0,0,0,0,0.0006639179974735,FALSE,FALSE,0.15,0,0.06
0,0,0,0,0.0006639179974735,FALSE,FALSE,0.15,0,0.06
0,0,0,0,0.000663917997473455,FALSE,FALSE,0.3,0,0.12
24.6666666666667,44.4747474747475,1,1.07873586333611e-29,0.000663917997473443,FALSE,FALSE,0.3,4,1.72
0,0,0,0,0.000663917997473468,FALSE,FALSE,0.15,0,0.06
0,0,0,0,0.000663917997473475,FALSE,FALSE,0.15,0,0.06
0,0,0,0,0.000663917997473476,FALSE,FALSE,0.15,0,0.06
14.6666666666667,0,0,0,0.000663917997473465,FALSE,FALSE,0,0.5,0.2
0,0,1,0,3.95636622419074e-06,FALSE,FALSE,0.15,0,0.06
2.5,0,1,0,0.000663917997473458,FALSE,FALSE,0,1,0.4
14.6666666666667,0,1,0,0.000663917997473465,FALSE,FALSE,0,0.5,0.2
20.3,120.761111111111,0,1.07873586333611e-29,0.000663917997473444,FALSE,TRUE,0.15,3.5,1.46
2,1,0,0,0.000663917997473566,FALSE,TRUE,0.15,1,0.46
1,0,0,0,0.000663917997473482,FALSE,FALSE,0,0.5,0.2
10.6880952380952,0,0,2.16804756846963e-29,0.000663917997473476,FALSE,FALSE,0,0.5,0.2
2,4.33333333333333,1,0,0.000663917997473451,FALSE,FALSE,0.15,1,0.46
0,0,0,0,0.000663917997473466,FALSE,FALSE,0.15,0,0.06
0,0,0,0,0.000663917997473467,FALSE,FALSE,0.15,0,0.06
6,0,0,0,0.000663917997473445,FALSE,FALSE,0,4,1.6
13.8214285714286,132,1,2.98238738687042e-29,0.00066391799747345,FALSE,TRUE,0.6,2.5,1.24
0,0,0,0,0.000663917997473457,FALSE,FALSE,0.3,0,0.12
0,0,0,0,0.000663917997473471,FALSE,FALSE,0.15,0,0.06
2,0,0,0,0.000663917997473453,FALSE,FALSE,0,1,0.4
0,0,0,0,0.000663917997473485,FALSE,FALSE,0.15,0,0.06
1,0,1,0,0.000663917997473467,FALSE,FALSE,0,0.5,0.2
14.6666666666667,0,1,0,0.000663917997473465,FALSE,FALSE,0,0.5,0.2
0,0,0,0,0.000663917997473515,FALSE,FALSE,0.15,0,0.06
0,0,0,0,0.000663917997473515,FALSE,FALSE,0.15,0,0.06
10.8833333333333,0,0,0,0.000663917997473491,FALSE,FALSE,0,0.5,0.2
10.8833333333333,0,0,0,0.000663917997473466,FALSE,FALSE,0,0.5,0.2
14.6666666666667,0,1,0,0.000663917997473465,FALSE,FALSE,0,0.5,0.2
0,0,0,0,0.000663917997473494,FALSE,FALSE,0.15,0,0.06
3,0,0,0,0.000663917997473458,FALSE,TRUE,0,1.5,0.6
1,0,0,0,2.66113065334837e-05,FALSE,FALSE,0,0.5,0.2
0,0,0,0,0.0006639179974735,FALSE,FALSE,0.15,0,0.06
14.6666666666667,0,1,0,0.000663917997473465,FALSE,FALSE,0,0.5,0.2
0,0,0,0,0.000663917997473479,FALSE,TRUE,0.3,0,0.12
8,0,0,0,0.000663917997473445,FALSE,TRUE,0,4.5,1.8
0,0,0,0,0.0006639179974735,FALSE,FALSE,0.15,0,0.06
6,82.0285714285715,0,0,0.000663917997473444,FALSE,TRUE,0.6,3,1.44
30.4166666666667,0,0,5.26568231768748e-11,0.00066391799747345,FALSE,FALSE,0,1.5,0.6
1,0,0,0,0.000663917997473463,FALSE,FALSE,0.15,1,0.46
1,0,0,0,0.000663917997473465,FALSE,FALSE,0,0.5,0.2
1,0,0,0,0.000663917997473466,FALSE,FALSE,0,0.5,0.2
0,0,0,0,0.000663917997473494,FALSE,FALSE,0.15,0,0.06
1,0,1,0,0.000663917997473517,FALSE,FALSE,0,0.5,0.2
0,0,0,0,0.0006639179974735,FALSE,FALSE,0.15,0,0.06
0,0,0,0,0.000663917997473494,FALSE,FALSE,0.15,0,0.06
1,0,0,0,0.000663917997473467,FALSE,FALSE,0,0.5,0.2
3,0,0,0,0.000663917997473449,FALSE,FALSE,0,1.5,0.6
3.33333333333333,0,0,0,0.00066391799747347,FALSE,FALSE,0,0.5,0.2
92.8738095238095,0,0,0.0409090720165796,0.000663917997473461,FALSE,TRUE,0,1.5,0.6
0,0,0,0,0.000663917997473575,FALSE,FALSE,0.15,0,0.06
98.1547619047619,64.6576923076923,0,0.10417025444134,0.000663917997473445,FALSE,FALSE,0.15,2,0.86
0,0,0,0,0.000663917997473515,FALSE,FALSE,0.15,0,0.06
1,0,1,0,0.000663917997473467,FALSE,FALSE,0,0.5,0.2
12.8833333333333,0,0,0,0.000663917997473455,FALSE,FALSE,0,1.5,0.6
1,0,0,0,0.000663917997473466,FALSE,FALSE,0,0.5,0.2
2,45.8,0,0,0.00066391799747345,FALSE,FALSE,0.15,1,0.46
14.6666666666667,0,1,0,0.000663917997473465,FALSE,FALSE,0,0.5,0.2
10.8833333333333,0,0,0,0.000663917997473466,FALSE,FALSE,0,0.5,0.2
10.8833333333333,0,0,0,0.000663917997473466,FALSE,FALSE,0,0.5,0.2
3,344,1,0,0.00066391799747345,FALSE,FALSE,0.15,1.5,0.66
0,0,0,0,0.000663917997473467,FALSE,FALSE,0.15,0,0.06
19.1666666666667,0,1,3.21505590641349e-29,0.000663917997473454,FALSE,FALSE,0,2,0.8
0,0,0,0,0.000663917997473515,FALSE,FALSE,0.15,0,0.06
1,0,1,0,0.000663917997473517,FALSE,FALSE,0,0.5,0.2
9,0,0,9.61867208153565e-44,0.000663917997473462,FALSE,FALSE,0.15,1,0.46
16.1666666666667,0,1,0,0.000663917997473455,FALSE,FALSE,0,1,0.4
1,50,0,0,0.000663917997473456,FALSE,TRUE,0.3,0.5,0.32
1,0,0,0,0.000663917997473466,FALSE,FALSE,0,0.5,0.2
2,0,0,0,0.000663917997473455,FALSE,FALSE,0,1,0.4
1,0,1,0,-9.01981335221583e-06,FALSE,FALSE,0,0.5,0.2
1,0,0,0,0.000663917997473454,FALSE,FALSE,0.15,0.5,0.26
14.6666666666667,0,1,0,0.000663917997473465,FALSE,FALSE,0,1,0.4
0,0,0,0,0.000663917997473515,FALSE,FALSE,0.15,0,0.06
1,0,0,0,4.54164286025551e-05,FALSE,FALSE,0,0.5,0.2
1,0,1,0,0.000663917997473467,FALSE,FALSE,0,0.5,0.2
14.6666666666667,0,0,0,0.000663917997473465,FALSE,FALSE,0,0.5,0.2
20.6666666666667,0,1,3.21505590641349e-29,0.000663917997473452,FALSE,TRUE,0,2,0.8
28.8833333333333,0,1,0,0.000663917997473489,FALSE,TRUE,0,10,4
29.1666666666667,44,1,1.15424064978428e-42,0.000663917997473449,FALSE,TRUE,0.15,8,3.26
2,2,0,0,0.000663917997473451,FALSE,FALSE,0.15,1,0.46
3,0,0,0,0.000663917997473456,FALSE,FALSE,0,1,0.4
11.6333333333333,0,0,0,0.000663917997473465,FALSE,FALSE,0,1,0.4
3,15.2666666666667,1,0,0.000663917997473448,FALSE,FALSE,0.15,1.5,0.66
3.33333333333333,0,1,0,0.00066391799747347,FALSE,FALSE,0,0.5,0.2
0,0,0,0,0.000663917997473455,FALSE,FALSE,0.3,0,0.12
31.1666666666667,436.333333333333,0,5.26568231768748e-11,0.000663917997473452,FALSE,TRUE,0.3,4,1.72
14.6666666666667,0,1,0,0.000663917997473465,FALSE,FALSE,0,0.5,0.2
14.6666666666667,0,1,0,0.000663917997473465,FALSE,FALSE,0,0.5,0.2
15.6666666666667,0,1,0,0.000663917997473457,FALSE,FALSE,0,1,0.4
14.6666666666667,0,1,0,0.000663917997473465,FALSE,FALSE,0,0.5,0.2
14.6666666666667,0,1,0,0.000663917997473465,FALSE,FALSE,0,0.5,0.2
10.8833333333333,0,0,0,0.000663917997473466,FALSE,FALSE,0,0.5,0.2
16.1666666666667,0,1,0,0.000663917997473456,FALSE,FALSE,0,1.5,0.6
1,0,1,0,-1.43514844221452e-05,FALSE,FALSE,0,0.5,0.2
1.5,0,1,0,0.00066391799747347,FALSE,FALSE,0,0.5,0.2
10.8833333333333,0,0,0,0.000663917997473466,FALSE,FALSE,0,0.5,0.2
0,0,0,0,0.000663917997473474,FALSE,FALSE,0.15,0,0.06
2,0,1,0,0.000663917997473456,FALSE,FALSE,0,1,0.4
14.6666666666667,0,1,0,0.000663917997473465,FALSE,FALSE,0,0.5,0.2
25.55,659.833333333333,1,0,0.000663917997473444,FALSE,TRUE,0.45,6,2.58
3,0,0,0,0.000663917997473449,FALSE,FALSE,0,1.5,0.6
5,0,0,0,0.000663917997473456,FALSE,TRUE,0,3,1.2
10.5,0,0,0,0.000663917997473465,FALSE,TRUE,0,4.5,1.8
0,0,0,0,0.000663917997473457,FALSE,FALSE,0.3,0,0.12
16.1666666666667,0,1,0,0.000663917997473449,FALSE,FALSE,0,1.5,0.6
5,7.5,1,0,0.00066391799747345,FALSE,TRUE,0.3,2.5,1.12
1,0,0,0,0.000663917997473466,FALSE,FALSE,0,0.5,0.2
0,0,0,0,0.000663917997473472,FALSE,FALSE,0.15,0,0.06
2,0,1,0,0.000663917997473456,FALSE,FALSE,0,1,0.4
1,0,0,0,0.000663917997473473,FALSE,FALSE,0,0.5,0.2
0,0,0,0,0.000663917997473468,FALSE,FALSE,0.15,0,0.06
21.8333333333333,112.5,1,0,0.000663917997473446,FALSE,TRUE,0.15,3,1.26
3,0,0,0,0.000663917997473448,FALSE,FALSE,0,1.5,0.6
0,0,0,0,0.000663917997473494,FALSE,FALSE,0.15,0,0.06
20.6666666666667,0,1,3.21505590641349e-29,0.000663917997473451,FALSE,TRUE,0,2.5,1
0,0,0,0,0.000663917997473468,FALSE,FALSE,0.15,0,0.06
3.5,0,0,0,0.000663917997473465,FALSE,FALSE,0,1,0.4
16.8,0,0,0,0.000663917997473444,FALSE,TRUE,0,4,1.6
29.8285714285714,0,0,6.54282642048376e-22,0.000663917997473468,FALSE,FALSE,0,0.5,0.2
0,0,0,0,0.000663917997473477,FALSE,FALSE,0.15,0,0.06
8,0,0,0,0.000297375449034674,FALSE,TRUE,0,4,1.6
0,0,0,0,0.000663917997473524,FALSE,FALSE,0.15,0,0.06
0,0,0,0,0.000297356623067663,FALSE,FALSE,0.15,0,0.06
0,0,0,0,0.000663917997473468,FALSE,FALSE,0.15,0,0.06
0,0,0,0,0.000663917997473467,FALSE,FALSE,0.15,0,0.06
0,0,0,0,0.000663917997473456,FALSE,FALSE,0.3,0,0.12
0,0,0,0,0.000297356623067658,FALSE,FALSE,0.15,0,0.06
0,0,0,0,0.00066391799747349,FALSE,FALSE,0.15,0,0.06
0,0,0,0,0.000663917997473472,FALSE,FALSE,0.15,0,0.06
18.5,0,1,0,0.000663917997473451,FALSE,FALSE,0,1.5,0.6
0,0,0,0,0.000663917997473493,FALSE,FALSE,0.15,0,0.06
0,0,0,0,0.000236898551792166,FALSE,FALSE,0.15,0,0.06
0,0,0,0,0.000236898551792166,FALSE,FALSE,0.15,0,0.06
0,0,0,0,0.000663917997473524,FALSE,FALSE,0.15,0,0.06
1,1,0,0,0.000663917997473477,FALSE,TRUE,0.15,0.5,0.26
0,0,0,0,0.000663917997473502,FALSE,FALSE,0.15,0,0.06
0,0,0,0,0.000663917997473454,FALSE,FALSE,0.3,0,0.12
3,0,1,0,0.000663917997473457,FALSE,TRUE,0,1.5,0.6
0,0,0,0,0.000663917997473446,FALSE,FALSE,1.65,0,0.66
1,0,0,0,0.000663917997473503,FALSE,FALSE,0,0.5,0.2
0,0,0,0,0.000663917997473462,FALSE,FALSE,0.45,0,0.18
0,0,0,0,0.000663917997473468,FALSE,FALSE,0.15,0,0.06
0,0,0,0,0.000663917997473482,FALSE,FALSE,0.15,0,0.06
2,0,0,0,0.000663917997473453,FALSE,FALSE,0,1,0.4
14.6666666666667,0,1,0,0.000663917997473465,FALSE,FALSE,0,0.5,0.2
0,0,0,0,0.000663917997473566,FALSE,FALSE,0.3,0,0.12
14.6666666666667,0,1,0,0.000663917997473465,FALSE,FALSE,0,0.5,0.2
1,0,1,0,0.00066391799747354,FALSE,FALSE,0,0.5,0.2
0,0,0,0,0.000663917997473515,FALSE,TRUE,0.3,0,0.12
1,0,1,0,2.25404483264121e-05,FALSE,FALSE,0,0.5,0.2
0,0,0,0,0.000663917997473482,FALSE,FALSE,0.15,0,0.06
14.6666666666667,0,1,0,0.000663917997473465,FALSE,FALSE,0,0.5,0.2
121.654761904762,1159,1,0.119432598342688,0.000663917997473444,FALSE,TRUE,0.3,4.5,1.92
9,0,1,0,0.000245366555526047,FALSE,TRUE,0,4.5,1.8
52.1333333333333,103,1,4.60049118187458e-29,0.000663917997473444,FALSE,TRUE,0.15,9.5,3.86
1,0,1,0,0.000663917997473458,FALSE,FALSE,0.15,0.5,0.26
0,0,0,0,0.000663917997473471,FALSE,FALSE,0.15,0,0.06
1,0,1,0,0.000663917997473474,FALSE,FALSE,0,0.5,0.2
1,0,0,0,0.000663917997473461,FALSE,FALSE,0.15,0.5,0.26
1,0,0,0,0.000663917997473473,FALSE,FALSE,0,0.5,0.2
3,23,1,0,0.000663917997473447,FALSE,FALSE,0.3,1.5,0.72
0,0,0,0,0.000663917997473477,FALSE,FALSE,0.15,0,0.06
86.222619047619,0,0,0.0429387144875619,0.000663917997473468,FALSE,TRUE,0,1,0.4
0,0,0,0,0.000663917997473443,FALSE,TRUE,1.8,0,0.72
0,0,0,0,0.000663917997473467,FALSE,FALSE,0.15,0,0.06
3,0,0,0,0.000663917997473449,FALSE,FALSE,0,1.5,0.6
0,0,0,0,0.000663917997473467,FALSE,FALSE,0.15,0,0.06
36.6333333333333,0,1,3.4576179776229e-14,0.00066391799747345,FALSE,FALSE,0,1.5,0.6
11.8214285714286,126,1,3.23620759000832e-29,0.00066391799747345,FALSE,TRUE,0.45,2,0.98
32.4952380952381,56,0,6.54282642048376e-22,0.000663917997473451,FALSE,TRUE,0.15,3,1.26
1,2,0,0,0.000663917997473453,FALSE,FALSE,0.3,0.5,0.32
19.4666666666667,755.72316017316,1,2.15747172667222e-29,0.000663917997473443,FALSE,TRUE,1.35,5,2.54
14.6666666666667,0,1,0,0.000663917997473465,FALSE,FALSE,0,0.5,0.2
1.5,0,1,0,0.00066391799747347,FALSE,FALSE,0,0.5,0.2
21.6666666666667,66,1,1.07873586333611e-29,0.000663917997473445,FALSE,TRUE,0.3,2.5,1.12
2,0,0,0,0.000663917997473453,FALSE,FALSE,0,1,0.4
10.6880952380952,43,0,8.249156601982e-30,0.000663917997473475,FALSE,TRUE,0.15,1,0.46
0,0,0,0,0.000663917997473467,FALSE,FALSE,0.15,0,0.06
8.66666666666667,0,0,0,0.000663917997473469,FALSE,FALSE,0,0.5,0.2
4,0,0,0,0.000663917997473459,FALSE,FALSE,0.15,2,0.86
1,0,0,0,0.000663917997473466,FALSE,FALSE,0,0.5,0.2
1.5,0,1,0,0.00066391799747347,FALSE,FALSE,0,0.5,0.2
13.8833333333333,72,0,0,0.000663917997473456,FALSE,TRUE,0.3,2,0.92
0,0,0,0,0.000663917997473494,FALSE,FALSE,0.15,0,0.06
1,22.5,0,0,0.000663917997473456,FALSE,FALSE,0.15,0.5,0.26
14.6666666666667,63,1,0,0.000663917997473455,FALSE,FALSE,0.15,0.5,0.26
1,0,1,0,0.000663917997473517,FALSE,FALSE,0,0.5,0.2
0,0,0,0,0.000663917997473467,FALSE,FALSE,0.15,0,0.06
14.6666666666667,0,1,0,0.000663917997473465,FALSE,FALSE,0,0.5,0.2
0,0,0,0,0.000663917997473515,FALSE,FALSE,0.15,0,0.06
1,0,1,0,0.000663917997473517,FALSE,FALSE,0,0.5,0.2
14.9166666666667,114.433333333333,1,2.90772842043865e-14,0.000663917997473444,TRUE,TRUE,0.6,5.5,2.44
3,0,0,0,0.000663917997473453,FALSE,FALSE,0,2,0.8
9,18,0,0,0.000663917997473457,FALSE,TRUE,0.3,6,2.52
0,0,0,0,0.000663917997473476,FALSE,FALSE,0.15,0,0.06
14.6666666666667,0,1,0,0.000663917997473465,FALSE,FALSE,0,0.5,0.2
14.6666666666667,0,1,0,0.000663917997473465,FALSE,FALSE,0,0.5,0.2
1,0,0,0,0.000663917997473473,FALSE,FALSE,0,0.5,0.2
0,0,0,0,0.000663917997473468,FALSE,FALSE,0.15,0,0.06
0,0,0,0,0.000663917997473497,FALSE,FALSE,0.15,0,0.06
0,0,0,0,0.000663917997473497,FALSE,FALSE,0.15,0,0.06
0,0,0,0,0.000663917997473517,FALSE,FALSE,0.15,0,0.06
0,0,0,0,0.000236898551792166,FALSE,FALSE,0.15,0,0.06
0,0,0,0,0.000663917997473481,FALSE,FALSE,0.15,0,0.06
0,0,0,0,0.000663917997473494,FALSE,FALSE,0.15,0,0.06
2,0,0,0,0.000663917997473474,FALSE,FALSE,0,0.5,0.2
0,0,0,0,0.000663917997473465,FALSE,TRUE,0.45,0,0.18
0,0,0,0,0.000663917997473457,FALSE,FALSE,0.3,0,0.12
1,0,0,0,0.000663917997473453,FALSE,FALSE,0.15,0.5,0.26
1,0,0,0,0.000663917997473465,FALSE,FALSE,0,0.5,0.2
1,0,0,0,0.000663917997473453,FALSE,FALSE,0.15,0.5,0.26
35.9833333333333,0,1,1.07376308664085e-11,0.000663917997473443,FALSE,FALSE,0,5,2
95.7154761904762,0,0,0.125358068242268,0.000663917997473467,FALSE,FALSE,0,0.5,0.2
0,0,0,0,0.000663917997473467,FALSE,FALSE,0.15,0,0.06
3,0,0,0,0.000663917997473449,FALSE,FALSE,0,1.5,0.6
0,0,0,0,0.00066391799747349,FALSE,FALSE,0.15,0,0.06
2,0,0,0,0.000663917997473482,FALSE,TRUE,0,1,0.4
44.6666666666667,1695.775,1,0,0.000663917997473442,FALSE,TRUE,0.6,13.5,5.64
97.0047619047619,905.8,0,0.10417025444134,0.00066391799747345,FALSE,TRUE,0.45,2.5,1.18
4,6.52857142857143,0,0,0.000663917997473446,FALSE,FALSE,0.15,2.5,1.06
1,0,0,0,0.000663917997473466,FALSE,FALSE,0,0.5,0.2
3,0,0,0,0.000663917997473448,FALSE,FALSE,0,1.5,0.6
3,8.3,0,0,0.000663917997473447,FALSE,FALSE,0.15,1.5,0.66
10.8833333333333,0,0,0,0.000663917997473466,FALSE,FALSE,0,0.5,0.2
1,0,0,0,0.000663917997473473,FALSE,FALSE,0,0.5,0.2
30.5,0,0,0,0.000663917997473445,FALSE,FALSE,0,2.5,1
0,0,0,0,0.000663917997473478,FALSE,FALSE,0.15,0,0.06
0,0,0,0,0.000663917997473473,FALSE,FALSE,0.15,0,0.06
4,0.5,0,0,0.000663917997473459,FALSE,FALSE,0.15,1,0.46
18.6666666666667,0,1,0,0.000663917997473449,FALSE,FALSE,0,1.5,0.6
0,0,0,0,0.000663917997473477,FALSE,FALSE,0.15,0,0.06
2,0,0,0,0.000663917997473453,FALSE,FALSE,0,1,0.4
14.8833333333333,0,0,0,0.000663917997473451,FALSE,FALSE,0,3.5,1.4
86.8837301587302,0,0,0.0479031414329005,0.000663917997473467,FALSE,FALSE,0,0.5,0.2
1,0,0,0,0.000663917997473466,FALSE,FALSE,0,0.5,0.2
33.5666666666667,130,1,1.07376308664085e-11,0.000663917997473444,FALSE,TRUE,0.3,4,1.72
2,0,0,0,0.000663917997473453,FALSE,FALSE,0,1,0.4
0,0,0,0,0.000663917997473468,FALSE,FALSE,0.15,0,0.06
0,0,0,0,0.000663917997473469,FALSE,FALSE,0.15,0,0.06
1,0,1,0,0.000663917997473517,FALSE,FALSE,0,0.5,0.2
3.33333333333333,0,1,0,0.000663917997473454,FALSE,FALSE,0.15,0.5,0.26
1,0,0,0,0.000663917997473482,FALSE,FALSE,0,0.5,0.2
10.8833333333333,0,0,0,0.000663917997473454,FALSE,FALSE,0.3,0.5,0.32
0,0,0,0,0.000663917997473468,FALSE,FALSE,0.15,0,0.06
14.6666666666667,0,1,0,0.000663917997473465,FALSE,FALSE,0,0.5,0.2
14.6666666666667,0,1,0,0.000663917997473465,FALSE,FALSE,0,0.5,0.2
2,0,1,0,0.000663917997473456,FALSE,FALSE,0,1,0.4
3,0,0,0,0.000663917997473453,FALSE,TRUE,0,1.5,0.6
14.6666666666667,0,1,0,0.000663917997473465,FALSE,FALSE,0,0.5,0.2
4.16666666666667,1.5,1,0,0.000663917997473456,FALSE,FALSE,0.15,0.5,0.26
15.8833333333333,15,0,3.21505590641349e-29,0.000663917997473472,FALSE,TRUE,0.3,2,0.92
1,0,1,0,0.000663917997473517,FALSE,FALSE,0,0.5,0.2
14.6666666666667,0,1,0,0.000663917997473465,FALSE,FALSE,0,0.5,0.2
17.4666666666667,0,0,0,0.00066391799747346,FALSE,FALSE,0,1,0.4
1,0,1,0,0.000663917997473467,FALSE,FALSE,0,0.5,0.2
0,0,0,0,0.000663917997473472,FALSE,FALSE,0.15,0,0.06
0,0,0,0,0.000663917997473475,FALSE,FALSE,0.15,0,0.06
0,0,0,0,0.000663917997473459,FALSE,FALSE,0.3,0,0.12
45.3333333333333,0,1,0,0.000663917997473447,FALSE,TRUE,0,13.5,5.4
2,0,1,0,0.000663917997473457,FALSE,FALSE,0,1,0.4
0,0,0,0,0.000663917997473475,FALSE,FALSE,0.15,0,0.06
0,0,0,0,0.000663917997473459,FALSE,FALSE,0.3,0,0.12
0,0,0,0,0.000663917997473472,FALSE,FALSE,0.15,0,0.06
0,0,0,0,0.000663917997473459,FALSE,FALSE,0.3,0,0.12
0,0,0,0,0.000663917997473482,FALSE,FALSE,0.15,0,0.06
4,95,0,0,0.000663917997473449,FALSE,TRUE,0.15,2,0.86
0,0,0,0,0.000236898551792166,FALSE,FALSE,0.15,0,0.06
30.3285714285714,0,0,1.28400775865794e-21,0.00066391799747346,FALSE,FALSE,0,1,0.4
14.6666666666667,0,1,0,0.000663917997473465,FALSE,FALSE,0,0.5,0.2
16.55,0,0,0,0.000663917997473463,FALSE,FALSE,0,1,0.4
0,0,0,0,0.000663917997473477,FALSE,FALSE,0.15,0,0.06
0,0,0,0,0.000663917997473469,FALSE,FALSE,0.15,0,0.06
18.1666666666667,100.2,1,0,0.000663917997473447,FALSE,TRUE,0.45,3,1.38
17.3833333333333,0,0,0,0.000663917997473477,FALSE,FALSE,0,0.5,0.2
2,0,1,0,0.000663917997473456,FALSE,FALSE,0,1,0.4
14.6666666666667,0,1,0,0.000663917997473465,FALSE,FALSE,0,0.5,0.2
1,0,1,0,0.000663917997473517,FALSE,FALSE,0,0.5,0.2
0,0,0,0,0.000220414019246934,FALSE,FALSE,0.15,0,0.06
1,0,1,0,0.000663917997473478,FALSE,FALSE,0,0.5,0.2
0,0,0,0,0.000663917997473467,FALSE,FALSE,0.15,0,0.06
30.7833333333333,0,1,2.94536174490244e-11,0.000663917997473447,FALSE,FALSE,0,2.5,1
0,0,0,0,0.000663917997473497,FALSE,FALSE,0.15,0,0.06
11.55,0,0,0,0.000663917997473474,FALSE,FALSE,0,0.5,0.2
0,0,0,0,0.000663917997473467,FALSE,FALSE,0.3,0,0.12
0,0,0,0,0.000663917997473471,FALSE,FALSE,0.15,0,0.06
0,0,0,0,0.000663917997473467,FALSE,FALSE,0.15,0,0.06
0,0,0,0,0.000663917997473468,FALSE,FALSE,0.15,0,0.06
0,0,0,0,0.000663917997473491,FALSE,FALSE,0.15,0,0.06
0,0,0,0,0.000663917997473467,FALSE,FALSE,0.15,0,0.06
14.6666666666667,0,1,0,0.000663917997473465,FALSE,FALSE,0,0.5,0.2
1,0,0,0,0.000663917997473482,FALSE,FALSE,0,0.5,0.2
0,0,0,0,0.000663917997473467,FALSE,FALSE,0.15,0,0.06
0,0,0,0,0.000663917997473467,FALSE,FALSE,0.15,0,0.06
0,0,0,0,0.000663917997473481,FALSE,FALSE,0.15,0,0.06
1,0,0,0,0.000663917997473465,FALSE,FALSE,0,0.5,0.2
2,0,0,0,0.000663917997473457,FALSE,FALSE,0,1,0.4
6.5,0,1,0,0.000663917997473452,FALSE,FALSE,0,2,0.8
1,0,0,0,2.66113065334837e-05,FALSE,FALSE,0,0.5,0.2
1,0,0,0,4.23172224979743e-05,FALSE,FALSE,0,0.5,0.2
1,0,1,0,0.000663917997473467,FALSE,FALSE,0,0.5,0.2
0,0,0,0,0.000663917997473494,FALSE,FALSE,0.15,0,0.06
36.3,0,1,1.61810379500416e-29,0.000663917997473451,FALSE,TRUE,0,2,0.8
0,0,0,0,3.65036988569624e-05,FALSE,FALSE,0.15,0,0.06
1,2,0,0,0.000663917997473461,FALSE,FALSE,0.3,0.5,0.32
0,0,0,0,0.000663917997473452,FALSE,FALSE,0.45,0,0.18
0,0,0,0,0.000663917997473482,FALSE,FALSE,0.15,0,0.06
0,0,0,0,0.000663917997473442,FALSE,FALSE,5.85,0,2.34
0,0,0,0,0.000663917997473469,FALSE,FALSE,0.3,0,0.12
0,0,0,0,0.000663917997473469,FALSE,FALSE,0.15,0,0.06
0,0,0,0,0.000663917997473449,FALSE,FALSE,0.45,0,0.18
0,0,0,0,0.000663917997473471,FALSE,FALSE,0.15,0,0.06
0,0,0,0,0.000663917997473453,FALSE,FALSE,0.45,0,0.18
1,8,1,0,0.000663917997473445,FALSE,TRUE,1.5,1,1
0,0,0,0,0.000663917997473455,FALSE,FALSE,0.3,0,0.12
0,0,0,0,0.000663917997473468,FALSE,FALSE,0.15,0,0.06
0,0,0,0,0.000663917997473467,FALSE,FALSE,1.35,0,0.54
0,0,0,0,0.000663917997473468,FALSE,FALSE,0.15,0,0.06
0,0,0,0,0.000663917997473469,FALSE,FALSE,0.15,0,0.06
0,0,0,0,0.000663917997473468,FALSE,FALSE,0.15,0,0.06
0,0,0,0,0.000663917997473449,FALSE,FALSE,0.9,0,0.36
0,0,0,0,0.00066391799747347,FALSE,FALSE,0.15,0,0.06
0,0,0,0,0.000663917997473448,FALSE,FALSE,0.75,0,0.3
0,0,0,0,0.000663917997473474,FALSE,FALSE,0.15,0,0.06
0,0,0,0,0.000663917997473454,FALSE,FALSE,0.3,0,0.12
0,0,0,0,0.000663917997473455,FALSE,FALSE,0.45,0,0.18
0,0,0,0,0.000663917997473448,FALSE,TRUE,1.95,0,0.78
0,0,0,0,0.000663917997473468,FALSE,FALSE,0.15,0,0.06
0,0,0,0,0.000663917997473448,FALSE,FALSE,0.75,0,0.3
0,0,0,0,0.000663917997473444,FALSE,TRUE,2.55,0,1.02
0,0,0,0,0.000663917997473458,FALSE,FALSE,0.3,0,0.12
0,0,0,0,0.000663917997473467,FALSE,FALSE,0.3,0,0.12
0,0,0,0,0.000663917997473457,FALSE,FALSE,0.3,0,0.12
0,0,0,0,0.000663917997473454,FALSE,FALSE,0.3,0,0.12
0,0,0,0,0.000663917997473469,FALSE,FALSE,0.15,0,0.06
0,0,0,0,0.000663917997473508,FALSE,TRUE,0.3,0,0.12
0,0,0,0,0.000663917997473442,FALSE,TRUE,4.05,0,1.62
0,0,0,0,0.000663917997473471,FALSE,FALSE,0.15,0,0.06
0,0,0,0,0.00066391799747345,FALSE,TRUE,0.75,0,0.3
0,0,0,0,0.000663917997473478,FALSE,FALSE,0.15,0,0.06
0,0,0,0,0.000663917997473469,FALSE,FALSE,0.15,0,0.06
0,0,0,0,0.000663917997473444,FALSE,FALSE,1.2,0,0.48
0,0,0,0,0.000663917997473471,FALSE,FALSE,0.15,0,0.06
0,0,0,0,0.000663917997473491,FALSE,FALSE,0.15,0,0.06
0,0,0,0,0.000663917997473451,FALSE,FALSE,0.45,0,0.18
0,0,0,0,0.000663917997473474,FALSE,FALSE,0.15,0,0.06
0,0,0,0,0.000663917997473468,FALSE,FALSE,0.15,0,0.06
0,0,0,0,0.000663917997473455,FALSE,FALSE,0.3,0,0.12
0,0,0,0,0.000663917997473475,FALSE,FALSE,0.15,0,0.06
0,0,0,0,0.000663917997473473,FALSE,FALSE,0.15,0,0.06
0,0,0,0,0.000663917997473471,FALSE,FALSE,0.3,0,0.12
0,0,0,0,0.000663917997473456,FALSE,FALSE,0.3,0,0.12
0,0,0,0,0.000663917997473467,FALSE,FALSE,0.15,0,0.06
0,0,0,0,0.000663917997473472,FALSE,FALSE,0.15,0,0.06
0,0,0,0,0.000663917997473472,FALSE,FALSE,0.15,0,0.06
0,0,0,0,0.000663917997473469,FALSE,FALSE,0.15,0,0.06
1,45,0,0,0.000663917997473471,FALSE,TRUE,0.15,0.5,0.26
1,0,1,0,0.000663917997473517,FALSE,FALSE,0,0.5,0.2
1,0,1,0,0.000663917997473517,FALSE,FALSE,0,0.5,0.2
0,0,0,0,0.000663917997473469,FALSE,FALSE,0.15,0,0.06
0,0,0,0,0.000663917997473467,FALSE,FALSE,0.15,0,0.06
0,0,0,0,0.000663917997473477,FALSE,FALSE,0.15,0,0.06
1,0,1,0,0.000663917997473474,FALSE,FALSE,0,0.5,0.2
14.6666666666667,0,1,0,0.000663917997473465,FALSE,FALSE,0,0.5,0.2
14.6666666666667,0,1,0,0.000663917997473465,FALSE,FALSE,0,0.5,0.2
1,1,1,0,0.000663917997473455,FALSE,FALSE,0.15,0.5,0.26
4,1962.9,0,0,0.000663917997473454,FALSE,FALSE,0.15,1,0.46
1,346,0,0,0.000663917997473466,FALSE,FALSE,0.15,0.5,0.26
0,0,0,0,0.000663917997473467,FALSE,FALSE,0.15,0,0.06
0,0,0,0,1.16218259561196e-05,FALSE,FALSE,0.15,0,0.06
34,0,0,2.58050539856873e-29,0.000663917997473469,FALSE,FALSE,0,0.5,0.2
19.55,0,0,6.70508369955972e-29,0.000663917997473455,FALSE,FALSE,0,1.5,0.6
57.25,0,0,1.60767580746152e-10,0.000663917997473448,FALSE,FALSE,0,2.5,1
0,0,0,0,0.000663917997473472,FALSE,FALSE,0.15,0,0.06
0,0,0,0,0.000663917997473474,FALSE,FALSE,0.15,0,0.06
1,0,0,0,0.000663917997473465,FALSE,FALSE,0,0.5,0.2
0,0,0,0,0.000663917997473493,FALSE,FALSE,0.15,0,0.06
1,0,0,0,0.000663917997473465,FALSE,FALSE,0,0.5,0.2
14.6666666666667,31,0,0,0.000663917997473459,FALSE,FALSE,0.15,0.5,0.26
34.6666666666667,76,0,0,0.000663917997473456,FALSE,TRUE,0.15,8.5,3.46
0,0,0,0,0.00066391799747348,FALSE,FALSE,0.15,0,0.06
1,0,0,0,0.000663917997473519,FALSE,FALSE,0,0.5,0.2
1,0,0,0,3.98297094200389e-06,FALSE,FALSE,0,0.5,0.2
0,0,0,0,0.000663917997473466,FALSE,FALSE,0.15,0,0.06
0,0,0,0,0.000663917997473446,FALSE,FALSE,1.2,0,0.48
0,0,0,0,0.000663917997473466,FALSE,FALSE,0.15,0,0.06
0,0,0,0,0.000663917997473443,FALSE,FALSE,1.95,0,0.78
0,0,0,0,0.000663917997473444,FALSE,FALSE,1.2,0,0.48
0,0,0,0,0.000663917997473454,FALSE,FALSE,0.6,0,0.24
0,0,0,0,0.00066391799747345,FALSE,FALSE,0.75,0,0.3
0,0,0,0,0.000663917997473448,FALSE,FALSE,0.75,0,0.3
0,0,0,0,0.000663917997473478,FALSE,FALSE,0.15,0,0.06
0,0,0,0,0.00066391799747345,FALSE,TRUE,1.05,0,0.42
0,0,0,0,0.000663917997473467,FALSE,FALSE,0.15,0,0.06
0,0,0,0,0.000663917997473443,FALSE,FALSE,1.2,0,0.48
0,0,0,0,0.000663917997473443,FALSE,TRUE,6.6,0,2.64
0,0,0,0,0.00066391799747344,FALSE,TRUE,8.55,0,3.42
0,0,0,0,0.000663917997473454,FALSE,FALSE,0.3,0,0.12
0,0,0,0,0.00066391799747345,FALSE,FALSE,0.45,0,0.18
0,0,0,0,0.000663917997473465,FALSE,FALSE,0.15,0,0.06
0,0,0,0,0.000663917997473447,FALSE,FALSE,0.75,0,0.3
0,0,0,0,0.000663917997473455,FALSE,FALSE,0.3,0,0.12
0,0,0,0,0.000663917997473445,FALSE,FALSE,0.9,0,0.36
14.8,696.166810966811,0,5.49943773465466e-30,0.000663917997473443,FALSE,TRUE,1.95,2,1.58
0,0,1,0,0.000663917997473467,FALSE,FALSE,0.15,0,0.06
0,0,0,0,0.000663917997473471,FALSE,FALSE,0.15,0,0.06
0,0,0,0,0.000663917997473454,FALSE,FALSE,0.3,0,0.12
0,0,0,0,0.000663917997473469,FALSE,FALSE,0.15,0,0.06
0,0,0,0,0.000663917997473467,FALSE,FALSE,0.15,0,0.06
0,0,0,0,0.000663917997473466,FALSE,TRUE,0.6,0,0.24
0,0,0,0,0.000663917997473454,FALSE,FALSE,0.3,0,0.12
0,0,0,0,0.000663917997473467,FALSE,FALSE,0.15,0,0.06
0,0,0,0,0.000663917997473467,FALSE,FALSE,0.15,0,0.06
0,0,0,0,0.000663917997473469,FALSE,FALSE,0.15,0,0.06
5.33333333333333,302,0,0,0.000663917997473445,FALSE,FALSE,0.9,1.5,0.96
0,0,1,0,0.000663917997473468,FALSE,FALSE,0.15,0,0.06
0,0,0,0,0.000663917997473467,FALSE,FALSE,0.15,0,0.06
0,0,0,0,0.000663917997473471,FALSE,FALSE,0.3,0,0.12
1,14.6666666666667,0,0,0.000663917997473442,FALSE,TRUE,4.95,0.5,2.18
0,0,1,0,0.000663917997473467,FALSE,FALSE,0.15,0,0.06
1,0,0,0,0.000663917997473517,FALSE,FALSE,0,0.5,0.2
13.3833333333333,2,1,0,0.000663917997473448,FALSE,FALSE,0.15,2,0.86
85.722619047619,0,0,0.0429387144875619,0.000663917997473456,FALSE,FALSE,0,1,0.4
8.5,0,0,0,0.000663917997473444,FALSE,TRUE,0,8,3.2
1,0,0,0,0.000663917997473517,FALSE,FALSE,0,0.5,0.2
57.9166666666667,396.545454545455,1,8.249156601982e-30,0.000663917997473441,FALSE,TRUE,0.75,25.5,10.5
99.9571428571429,0,1,0.0715294568990501,0.000663917997473467,FALSE,FALSE,0,0.5,0.2
124.459523809524,1902.99643281555,0,0.154262449911899,0.000663917997473441,TRUE,TRUE,0.6,20.5,8.44
0,0,1,0,0.000663917997473494,FALSE,FALSE,0.15,0,0.06
3,0,0,0,0.000663917997473449,FALSE,FALSE,0,1.5,0.6
0,0,0,0,0.000663917997473476,FALSE,FALSE,0.15,0,0.06
0,0,0,0,0.000663917997473476,FALSE,FALSE,0.15,0,0.06
0,0,0,0,0.000663917997473467,FALSE,FALSE,0.15,0,0.06
0,0,0,0,0.00066391799747349,FALSE,FALSE,0.15,0,0.06
2,0,0,0,0.000663917997473468,FALSE,TRUE,0,1,0.4
163.404761904762,5452.45558787618,0,0.402457103636309,0.000663917997473441,FALSE,TRUE,0.3,27.5,11.12
0,0,1,0,0.000663917997473471,FALSE,FALSE,0.15,0,0.06
2,0,0,0,0.000663917997473457,FALSE,FALSE,0,1,0.4
0,0,1,0,0.000663917997473467,FALSE,FALSE,0.15,0,0.06
0,0,0,0,0.00066391799747349,FALSE,FALSE,0.15,0,0.06
0,0,0,0,0.000663917997473482,FALSE,FALSE,0.15,0,0.06
0,0,0,0,0.000663917997473481,FALSE,FALSE,0.15,0,0.06
0,0,0,0,0.000663917997473477,FALSE,FALSE,0.15,0,0.06
0,0,0,0,0.000663917997473459,FALSE,FALSE,0.3,0,0.12
0,0,0,0,0.000663917997473453,FALSE,FALSE,0.45,0,0.18
14.6666666666667,2384.09285714286,0,0,0.000663917997473441,FALSE,TRUE,8.25,0.5,3.5
0,0,1,0,0.00066391799747344,FALSE,TRUE,21.6,0,8.64
27.6666666666667,89.6666666666667,0,1.36635659855136e-14,0.000663917997473445,FALSE,TRUE,0.45,7.5,3.18
1,0,1,0,0.000663917997473466,FALSE,FALSE,0,0.5,0.2
0,0,0,0,0.000663917997473457,FALSE,FALSE,0.3,0,0.12
0,0,0,0,0.000663917997473457,FALSE,FALSE,0.3,0,0.12
1,0,0,0,0.000663917997473492,FALSE,FALSE,0,0.5,0.2
0,0,0,0,0.000663917997473479,FALSE,FALSE,0.15,0,0.06
1,0,0,0,2.66113065334837e-05,FALSE,FALSE,0,0.5,0.2
0,0,0,0,-1.43680823520796e-05,FALSE,TRUE,0.45,0,0.18
2,0,0,0,-4.41341113934308e-05,FALSE,TRUE,0,1,0.4
0,0,0,0,0.000663917997473494,FALSE,FALSE,0.15,0,0.06
1,0,0,0,0.000663917997473467,FALSE,FALSE,0,0.5,0.2
0,0,1,0,0.000663917997473492,FALSE,FALSE,0.15,0,0.06
0,0,0,0,0.000663917997473468,FALSE,FALSE,0.15,0,0.06
24.2714285714286,0,0,6.42058020715425e-15,0.000663917997473458,FALSE,FALSE,0,1,0.4
0,0,0,0,0.0006639179974735,FALSE,FALSE,0.15,0,0.06
3.83333333333333,0,0,0,0.000663917997473471,FALSE,FALSE,0,0.5,0.2
1,0,0,0,0.000663917997473467,FALSE,FALSE,0,0.5,0.2
10.8833333333333,0,1,0,0.000663917997473466,FALSE,FALSE,0,0.5,0.2
0,0,0,0,0.000663917997473452,FALSE,FALSE,0.6,0,0.24
0,0,0,0,0.000663917997473468,FALSE,FALSE,0.15,0,0.06
0,0,0,0,0.000663917997473476,FALSE,FALSE,0.15,0,0.06
0,0,0,0,0.0006639179974735,FALSE,FALSE,0.15,0,0.06
1,0,0,0,-1.43514844221451e-05,FALSE,FALSE,0,0.5,0.2
0,0,1,0,0.000245367631916269,FALSE,FALSE,0.15,0,0.06
18.6666666666667,0,0,1.21622180670247e-29,0.000663917997473471,FALSE,FALSE,0,0.5,0.2
14.6666666666667,0,0,0,0.000663917997473465,FALSE,FALSE,0,0.5,0.2
0,0,1,0,0.000663917997473465,FALSE,FALSE,0.15,0,0.06
1,0,0,0,0.000663917997473453,FALSE,FALSE,0.15,0.5,0.26
0,0,1,0,2.82306620910982e-05,FALSE,FALSE,0.15,0,0.06
0,0,0,0,0.000663917997473472,FALSE,FALSE,0.15,0,0.06
0,0,0,0,0.000663917997473472,FALSE,FALSE,0.15,0,0.06
0,0,0,0,0.000663917997473473,FALSE,FALSE,0.15,0,0.06
1,0,0,0,0.000663917997473467,FALSE,FALSE,0,0.5,0.2
10,20,0,0,0.000663917997473454,FALSE,TRUE,0.3,7.5,3.12
2.5,0,1,0,0.00066391799747347,FALSE,TRUE,0,1,0.4
0,0,1,0,0.000663917997473467,FALSE,FALSE,0.15,0,0.06
97.1261904761905,0,0,0.118581166079114,0.000663917997473453,FALSE,FALSE,0,1,0.4
5.5,0,1,0,0.000663917997473447,FALSE,FALSE,0,2,0.8
2,0,1,0,0.000663917997473453,FALSE,FALSE,0,1,0.4
1,0,0,0,0.000663917997473492,FALSE,FALSE,0,0.5,0.2
19.05,8,0,2.74971886732733e-30,0.00066391799747345,FALSE,TRUE,0.15,2.5,1.06
0,0,0,0,0.000663917997473479,FALSE,FALSE,0.3,0,0.12
0,0,0,0,0.000663917997473459,FALSE,FALSE,0.3,0,0.12
0,0,0,0,0.000663917997473481,FALSE,FALSE,0.15,0,0.06
3.5,0,0,0,0.00066391799747346,FALSE,FALSE,0,1,0.4
0,0,0,0,0.000245367631916269,FALSE,FALSE,0.15,0,0.06
0,0,0,0,2.25990881851577e-05,FALSE,TRUE,0.3,0,0.12
0,0,0,0,0.0006639179974735,FALSE,FALSE,0.15,0,0.06
25.8333333333333,10166.8081890332,0,0,0.00066391799747344,FALSE,TRUE,28.8,14.5,17.32
15.6666666666667,1,1,0,0.00066391799747345,FALSE,FALSE,0.6,1,0.64
0,0,0,0,0.000245367631916269,FALSE,FALSE,0.15,0,0.06
0,0,0,0,0.000245367631916269,FALSE,FALSE,0.15,0,0.06
0,0,0,0,0.000245367631916269,FALSE,FALSE,0.15,0,0.06
0,0,0,0,3.98297094200389e-06,FALSE,FALSE,0.15,0,0.06
0,0,0,0,0.000663917997473494,FALSE,FALSE,0.15,0,0.06
0,0,0,0,0.000663917997473471,FALSE,FALSE,0.15,0,0.06
0,0,0,0,0.000236898551792166,FALSE,FALSE,0.15,0,0.06
0,0,0,0,0.000663917997473468,FALSE,FALSE,0.15,0,0.06
2,0,0,0,0.000663917997473474,FALSE,FALSE,0,0.5,0.2
0,0,0,0,0.000663917997473467,FALSE,FALSE,0.15,0,0.06
3.5,94,0,0,0.000663917997473448,FALSE,FALSE,0.3,1.5,0.72
1,0,0,0,0.000663917997473453,FALSE,FALSE,0.15,0.5,0.26
1,0,0,0,0.000663917997473478,FALSE,FALSE,0,0.5,0.2
0,0,1,0,0.000663917997473447,FALSE,FALSE,1.2,0,0.48
0,0,0,0,0.000663917997473467,FALSE,FALSE,0.15,0,0.06
0,0,0,0,0.000663917997473454,FALSE,FALSE,0.45,0,0.18
14.6666666666667,0,0,0,0.000663917997473465,FALSE,FALSE,0,0.5,0.2
0,0,1,0,0.000663917997473441,FALSE,TRUE,7.2,0,2.88
0,0,0,0,0.000663917997473454,FALSE,FALSE,0.45,0,0.18
0,0,0,0,0.000663917997473469,FALSE,FALSE,0.15,0,0.06
2.5,49.5,0,0,0.000663917997473452,FALSE,FALSE,0.45,0.5,0.38
14.6666666666667,195.038095238095,0,0,0.000663917997473449,FALSE,FALSE,0.9,0.5,0.56
0,0,0,0,0.000663917997473451,FALSE,FALSE,0.6,0,0.24
0,0,0,0,0.000663917997473465,FALSE,FALSE,0.3,0,0.12
1.5,0,0,0,0.00066391799747347,FALSE,FALSE,0,0.5,0.2
0,0,1,0,0.000663917997473494,FALSE,FALSE,0.3,0,0.12
0,0,0,0,0.000663917997473491,FALSE,FALSE,0.15,0,0.06
0,0,0,0,0.000663917997473453,FALSE,FALSE,0.45,0,0.18
0,0,0,0,0.000663917997473471,FALSE,FALSE,0.15,0,0.06
1,0,0,0,0.000663917997473467,FALSE,FALSE,0,0.5,0.2
0,0,1,0,0.000663917997473481,FALSE,FALSE,0.15,0,0.06
0,0,0,0,0.000663917997473476,FALSE,FALSE,0.15,0,0.06
0,0,0,0,0.000663917997473459,FALSE,FALSE,0.3,0,0.12
1,0,0,0,0.000663917997473466,FALSE,FALSE,0,0.5,0.2
108.240476190476,2240.28731236084,0,0.0715294568990501,0.000663917997473446,TRUE,TRUE,0.15,5.5,2.26
1,0,0,0,0.000663917997473465,FALSE,FALSE,0,0.5,0.2
1,0,0,0,0.000663917997473459,FALSE,FALSE,0.15,0.5,0.26
55.8333333333333,130.2,1,7.35811871601675e-14,0.000663917997473441,FALSE,TRUE,0.3,14.5,5.92
11.8833333333333,53.5428571428571,1,0,0.000663917997473447,FALSE,FALSE,0.45,1,0.58
5.5,0,0,0,0.000663917997473549,FALSE,TRUE,0,2.5,1
4,0,0,0,0.000663917997473453,FALSE,TRUE,0,2,0.8
1,0,0,0,0.000663917997473468,FALSE,FALSE,0,0.5,0.2
9.5,0,1,0,0.000663917997473516,FALSE,FALSE,0,0.5,0.2
1,0,1,0,-1.43514844221452e-05,FALSE,FALSE,0,0.5,0.2
2,0,1,0,0.000663917997473457,FALSE,FALSE,0,1,0.4
14.6666666666667,0,0,0,0.000663917997473465,FALSE,FALSE,0,0.5,0.2
1,0,0,0,4.06333020363481e-05,FALSE,FALSE,0,0.5,0.2
0,0,0,0,0.000663917997473472,FALSE,FALSE,0.15,0,0.06
22.3,0,0,1.6498313203964e-29,0.000663917997473445,FALSE,TRUE,0,6.5,2.6
0,0,0,0,0.000663917997473471,FALSE,FALSE,0.15,0,0.06
1,0,0,0,0.000663917997473467,FALSE,FALSE,0,0.5,0.2
3,0,1,0,0.000663917997473453,FALSE,TRUE,0,1.5,0.6
0,0,0,0,0.000663917997473466,FALSE,FALSE,0.15,0,0.06
1,0,0,0,2.66113065334837e-05,FALSE,FALSE,0,0.5,0.2
2.5,49,0,0,0.00066391799747345,FALSE,TRUE,0.3,1,0.52
1,0,0,0,0.000663917997473475,FALSE,FALSE,0,0.5,0.2
0,0,0,0,0.000663917997473467,FALSE,FALSE,0.15,0,0.06
14.6666666666667,0,0,0,0.000663917997473465,FALSE,FALSE,0,0.5,0.2
1.5,2,1,0,0.000663917997473461,FALSE,FALSE,0.15,1,0.46
48.3166666666667,3059.68571428571,0,2.48056071938299e-11,0.000663917997473442,TRUE,TRUE,1.2,12,5.28
96.6261904761905,0,1,0.118581166079114,0.000663917997473467,FALSE,FALSE,0,0.5,0.2
15.6666666666667,2,0,0,0.000663917997473453,FALSE,TRUE,0.3,1,0.52
0,0,1,0,0.000663917997473471,FALSE,FALSE,0.15,0,0.06
0,0,0,0,0.000663917997473468,FALSE,FALSE,0.15,0,0.06
1,349,0,0,0.000663917997473449,FALSE,FALSE,0.45,0.5,0.38
0,0,1,0,0.000663917997473467,FALSE,FALSE,0.15,0,0.06
14.6666666666667,0,0,0,0.000663917997473465,FALSE,FALSE,0,0.5,0.2
14,450.641025641026,1,0,0.000663917997473444,FALSE,TRUE,0.15,9,3.66
1,0,0,0,0.000663917997473467,FALSE,FALSE,0,0.5,0.2
1,0,1,0,0.000663917997473453,FALSE,FALSE,0.15,0.5,0.26
1,0,0,0,0.000663917997473478,FALSE,FALSE,0,0.5,0.2
0,0,1,0,0.000663917997473469,FALSE,FALSE,0.15,0,0.06
0,0,0,0,0.000663917997473471,FALSE,FALSE,0.15,0,0.06
0,0,0,0,0.000663917997473466,FALSE,FALSE,0.15,0,0.06
103.539285714286,0,0,0.125358068242268,0.000663917997473453,FALSE,FALSE,0,1,0.4
1,0,0,0,0.000663917997473461,FALSE,FALSE,0.15,0.5,0.26
2,0,0,0,1.16300534587703e-05,FALSE,TRUE,0,1,0.4
14.6666666666667,32,0,0,0.000663917997473465,FALSE,TRUE,0.15,0.5,0.26
1,0,1,0,0.000663917997473456,FALSE,FALSE,0.15,0.5,0.26
1,0,1,0,0.000663917997473453,FALSE,FALSE,0.15,0.5,0.26
14.6666666666667,0,0,0,0.000663917997473465,FALSE,FALSE,0,0.5,0.2
0,0,1,0,0.000663917997473455,FALSE,FALSE,0.3,0,0.12
1,0,0,0,0.000663917997473449,FALSE,FALSE,0.3,0.5,0.32
0,0,0,0,0.000663917997473455,FALSE,FALSE,0.3,0,0.12
1,0,0,0,0.000663917997473449,FALSE,FALSE,0.3,0.5,0.32
0,0,0,0,0.000663917997473471,FALSE,FALSE,0.15,0,0.06
0,0,0,0,0.000663917997473476,FALSE,FALSE,0.15,0,0.06
21.1666666666667,90.5333333333333,0,2.66511213294803e-29,0.000663917997473447,FALSE,TRUE,0.9,4,1.96
15.6666666666667,0,1,0,0.000663917997473457,FALSE,FALSE,0,1,0.4
0,0,1,0,0.000663917997473468,FALSE,FALSE,0.3,0,0.12
5.5,0,0,0,0.00066391799747346,FALSE,FALSE,0,1.5,0.6
5,21.6666666666667,0,0,0.000663917997473444,FALSE,FALSE,0.15,2.5,1.06
17.1666666666667,0,0,0,0.000663917997473449,FALSE,TRUE,0,2,0.8
34.5833333333333,0,1,0,0.000663917997473442,FALSE,TRUE,0,12,4.8
0,0,0,0,0.000663917997473469,FALSE,FALSE,0.15,0,0.06
14.6666666666667,0,0,0,0.000663917997473465,FALSE,FALSE,0,0.5,0.2
1,0,1,0,0.000663917997473517,FALSE,FALSE,0,0.5,0.2
1,0,1,0,0.000663917997473473,FALSE,FALSE,0,0.5,0.2
0,0,0,0,0.000663917997473468,FALSE,FALSE,0.15,0,0.06
2.5,0,0,1.44280081223035e-43,0.000663917997473461,FALSE,FALSE,0.15,1,0.46
9.16666666666667,0,1,0,0.000663917997473469,FALSE,FALSE,0,0.5,0.2
1,0,0,0,0.000663917997473482,FALSE,FALSE,0,0.5,0.2
1,0,0,0,0.000663917997473454,FALSE,FALSE,0.15,0.5,0.26
0,0,1,0,0.000663917997473467,FALSE,FALSE,0.15,0,0.06
1,0,0,0,0.000663917997473466,FALSE,FALSE,0,0.5,0.2
1,0,0,0,0.000663917997473467,FALSE,FALSE,0,0.5,0.2
1,0,1,0,0.000663917997473475,FALSE,FALSE,0,0.5,0.2
0,0,0,0,0.000663917997473469,FALSE,FALSE,0.15,0,0.06
0,0,0,0,0.000236898551792166,FALSE,FALSE,0.15,0,0.06
0,0,0,0,0.000663917997473515,FALSE,FALSE,0.15,0,0.06
0,0,0,0,0.000663917997473515,FALSE,FALSE,0.15,0,0.06
0,0,0,0,0.000663917997473461,FALSE,FALSE,0.3,0,0.12
0,0,0,0,0.000663917997473468,FALSE,FALSE,0.15,0,0.06
0,0,0,0,0.000663917997473476,FALSE,FALSE,0.15,0,0.06
0,0,0,0,0.000663917997473468,FALSE,FALSE,0.15,0,0.06
0,0,0,0,0.000663917997473468,FALSE,FALSE,0.15,0,0.06
0,0,0,0,0.000663917997473471,FALSE,FALSE,0.15,0,0.06
14.6666666666667,0,0,0,0.000663917997473465,FALSE,FALSE,0,0.5,0.2
0,0,1,0,0.000663917997473469,FALSE,FALSE,0.15,0,0.06
9,0,0,0,0.000663917997473475,FALSE,TRUE,0,4.5,1.8
119.072619047619,2453.09523809524,1,0.125358068242268,0.000663917997473443,FALSE,TRUE,0.75,16.5,6.9
1,0,1,0,0.000663917997473474,FALSE,FALSE,0,0.5,0.2
2.5,0,1,0,0.00066391799747347,FALSE,TRUE,0,1,0.4
14.6666666666667,0,1,0,0.000663917997473465,FALSE,FALSE,0,0.5,0.2
5,0,1,0,0.000663917997473445,FALSE,FALSE,0,2.5,1
0,0,0,0,0.000663917997473479,FALSE,FALSE,0.45,0,0.18
0,0,0,0,0.000663917997473482,FALSE,FALSE,0.3,0,0.12
14.6666666666667,0,0,0,0.000663917997473465,FALSE,FALSE,0,0.5,0.2
15.1666666666667,0.5,1,0,0.00066391799747345,FALSE,FALSE,0.15,1,0.46
0,0,1,0,0.000663917997473457,FALSE,FALSE,0.3,0,0.12
0,0,0,0,0.000663917997473462,FALSE,FALSE,0.3,0,0.12
0,0,0,0,0.000663917997473459,FALSE,FALSE,0.3,0,0.12
1,0,0,0,0.000663917997473465,FALSE,FALSE,0,0.5,0.2
0,0,0,0,0.000663917997473471,FALSE,FALSE,0.15,0,0.06
0,0,0,0,0.000663917997473468,FALSE,FALSE,0.3,0,0.12
0,0,0,0,0.000663917997473455,FALSE,FALSE,0.3,0,0.12
0,0,0,0,0.000663917997473471,FALSE,FALSE,0.15,0,0.06
0,0,0,0,0.000663917997473471,FALSE,FALSE,0.3,0,0.12
10.8833333333333,0,0,0,0.000663917997473466,FALSE,FALSE,0,0.5,0.2
14.6666666666667,0,0,0,0.000663917997473465,FALSE,FALSE,0,0.5,0.2
5.33333333333333,0,1,0,0.000663917997473452,FALSE,FALSE,0,1.5,0.6
5,0,1,0,0.000663917997473445,FALSE,FALSE,0,2.5,1
0,0,0,0,3.64852414072693e-05,FALSE,FALSE,0.15,0,0.06
0,0,0,0,0.000663917997473467,FALSE,FALSE,0.15,0,0.06
0,0,0,0,0.000663917997473454,FALSE,FALSE,0.3,0,0.12
0,0,0,0,0.000663917997473457,FALSE,FALSE,0.45,0,0.18
0,0,0,0,0.000663917997473467,FALSE,FALSE,0.15,0,0.06
0,0,0,0,0.000663917997473495,FALSE,FALSE,0.15,0,0.06
0,0,0,0,0.000245367631916265,FALSE,FALSE,0.15,0,0.06
29.8285714285714,0,0,6.54282642048376e-22,0.000663917997473468,FALSE,FALSE,0,0.5,0.2
1,0,0,0,0.000663917997473467,FALSE,FALSE,0,0.5,0.2
0,0,1,0,0.000663917997473468,FALSE,FALSE,0.15,0,0.06
0,0,0,0,0.000663917997473492,FALSE,FALSE,0.15,0,0.06
5,236,0,0,0.000663917997473456,FALSE,TRUE,0.15,2.5,1.06
0,0,1,0,0.000663917997473481,FALSE,FALSE,0.15,0,0.06
18.3333333333333,0,0,0,0.000663917997473446,FALSE,FALSE,0,2.5,1
1,0,0,0,0.000663917997473467,FALSE,FALSE,0,0.5,0.2
0,0,1,0,0.000663917997473482,FALSE,FALSE,0.3,0,0.12
0,0,0,0,0.000663917997473468,FALSE,FALSE,0.15,0,0.06
17.0833333333333,0,0,1.12312935604089e-14,0.000663917997473458,FALSE,FALSE,0,1,0.4
0,0,0,0,0.00066391799747347,FALSE,FALSE,0.15,0,0.06
0,0,0,0,0.000663917997473524,FALSE,FALSE,0.15,0,0.06
1,0,0,0,0.000663917997473478,FALSE,FALSE,0,0.5,0.2
0,0,1,0,0.000663917997473467,FALSE,FALSE,0.15,0,0.06
0,0,0,0,0.000663917997473479,FALSE,FALSE,0.15,0,0.06
0,0,0,0,0.000663917997473479,FALSE,FALSE,0.3,0,0.12
14.6666666666667,0,0,0,0.000663917997473465,FALSE,FALSE,0,0.5,0.2
14.6666666666667,0,1,0,0.000663917997473465,FALSE,FALSE,0,0.5,0.2
14.6666666666667,0,1,0,0.000663917997473465,FALSE,FALSE,0,0.5,0.2
0,0,1,0,0.000663917997473479,FALSE,FALSE,0.15,0,0.06
4,0,0,0,0.000663917997473446,FALSE,FALSE,0,2,0.8
0,0,0,0,0.000663917997473515,FALSE,FALSE,0.15,0,0.06
0,0,0,0,0.000663917997473474,FALSE,FALSE,0.15,0,0.06
0,0,0,0,0.000663917997473474,FALSE,FALSE,0.15,0,0.06
0,0,0,0,0.000236898551792166,FALSE,FALSE,0.15,0,0.06
0,0,0,0,3.68233684445464e-05,FALSE,FALSE,0.15,0,0.06
0,0,0,0,0.000663917997473454,FALSE,FALSE,0.3,0,0.12
0,0,0,0,0.000663917997473471,FALSE,FALSE,0.3,0,0.12
0,0,0,0,0.000236898551792166,FALSE,FALSE,0.15,0,0.06
0,0,0,0,0.000663917997473482,FALSE,FALSE,0.15,0,0.06
0,0,0,0,0.000663917997473475,FALSE,FALSE,0.15,0,0.06
0,0,0,0,2.50126088818599e-06,FALSE,FALSE,0.15,0,0.06
1,0,0,0,0.000663917997473468,FALSE,FALSE,0,0.5,0.2
29.9833333333333,0,1,1.07376308664085e-11,0.000663917997473467,FALSE,FALSE,0,0.5,0.2
10.5,0,0,0,0.000663917997473481,FALSE,FALSE,0,0.5,0.2
0,0,0,0,0.000663917997473452,FALSE,FALSE,0.45,0,0.18
15.1666666666667,0,0,0,0.000663917997473453,FALSE,FALSE,0,1.5,0.6
0,0,1,0,0.00066391799747347,FALSE,FALSE,0.15,0,0.06
0,0,0,0,0.000220414019246934,FALSE,FALSE,0.15,0,0.06
0,0,0,0,0.000663917997473465,FALSE,FALSE,0.3,0,0.12
0,0,0,0,0.000220414019246932,FALSE,FALSE,0.15,0,0.06
0,0,0,0,0.000663917997473465,FALSE,FALSE,0.15,0,0.06
0,0,0,0,0.000663917997473441,FALSE,FALSE,3.45,0,1.38
1,0,0,0,0.000663917997473467,FALSE,FALSE,0,0.5,0.2
2,0,0,0,0.000663917997473466,FALSE,TRUE,0,1,0.4
0,0,0,0,0.000663917997473467,FALSE,FALSE,0.15,0,0.06
2,0,0,0,0.000663917997473453,FALSE,FALSE,0,1,0.4
2,0,0,0,0.000663917997473453,FALSE,FALSE,0,1,0.4
0,0,0,0,0.000663917997473459,FALSE,FALSE,0.3,0,0.12
137.07619047619,6956.80068950657,0,0.365978475620913,0.000663917997473441,TRUE,TRUE,1.8,18.5,8.12
9,0,1,0,0.000663917997473444,FALSE,TRUE,0,4.5,1.8
0,0,0,0,0.00066391799747347,FALSE,FALSE,0.15,0,0.06
0,0,0,0,0.000663917997473469,FALSE,TRUE,0.3,0,0.12
1,0.5,0,0,0.000663917997473455,FALSE,FALSE,0.15,0.5,0.26
1.5,0,0,0,0.00066391799747347,FALSE,FALSE,0,0.5,0.2
0,0,1,0,0.000663917997473467,FALSE,FALSE,0.15,0,0.06
1,0,0,0,0.000663917997473478,FALSE,FALSE,0,0.5,0.2
0,0,1,0,0.000663917997473524,FALSE,FALSE,0.15,0,0.06
5,0,0,0,0.000663917997473445,FALSE,FALSE,0,2.5,1
0,0,0,0,0.000663917997473469,FALSE,FALSE,0.3,0,0.12
1,0,0,0,0.000663917997473453,FALSE,FALSE,0.15,0.5,0.26
1,0,0,0,0.000663917997473453,FALSE,FALSE,0.15,0.5,0.26
1,0,0,0,0.000663917997473453,FALSE,FALSE,0.15,0.5,0.26
1,0,0,0,0.00066391799747352,FALSE,FALSE,0,0.5,0.2
3.33333333333333,0,0,0,0.00066391799747347,FALSE,FALSE,0,0.5,0.2
0,0,1,0,0.000663917997473467,FALSE,FALSE,0.15,0,0.06
1,0,0,0,0.000663917997473465,FALSE,FALSE,0,0.5,0.2
0,0,0,0,0.000663917997473477,FALSE,FALSE,0.15,0,0.06
0,0,0,0,0.000663917997473482,FALSE,FALSE,0.15,0,0.06
14.6666666666667,0,0,0,0.000663917997473465,FALSE,FALSE,0,0.5,0.2
14.6666666666667,0,0,0,0.000663917997473465,FALSE,FALSE,0,0.5,0.2
14.6666666666667,0,1,0,0.000663917997473465,FALSE,FALSE,0,0.5,0.2
1,0,1,0,0.000663917997473491,FALSE,FALSE,0,0.5,0.2
0,0,0,0,0.000663917997473459,FALSE,FALSE,0.6,0,0.24
0,0,0,0,0.000663917997473473,FALSE,FALSE,0.15,0,0.06
1,0,0,0,0.000663917997473478,FALSE,FALSE,0,0.5,0.2
0,0,1,0,0.000663917997473457,FALSE,TRUE,0.9,0,0.36
0,0,0,0,0.000663917997473467,FALSE,FALSE,0.15,0,0.06
0,0,0,0,0.000663917997473463,FALSE,FALSE,0.3,0,0.12
0,0,0,0,0.000663917997473457,FALSE,FALSE,0.3,0,0.12
0,0,0,0,0.000663917997473457,FALSE,FALSE,0.3,0,0.12
1,0,0,0,0.000663917997473465,FALSE,FALSE,0,0.5,0.2
0,0,0,0,0.000663917997473468,FALSE,FALSE,0.15,0,0.06
0,0,0,0,0.000663917997473469,FALSE,FALSE,0.15,0,0.06
0,0,0,0,0.000663917997473481,FALSE,FALSE,0.15,0,0.06
0,0,0,0,0.000663917997473457,FALSE,FALSE,0.3,0,0.12
0,0,0,0,0.000663917997473477,FALSE,FALSE,0.15,0,0.06
1,0,0,0,0.000663917997473478,FALSE,FALSE,0,0.5,0.2
14.6666666666667,0,1,0,0.000663917997473465,FALSE,FALSE,0,0.5,0.2
1,0,1,0,0.000663917997473473,FALSE,FALSE,0,0.5,0.2
1,0,1,0,0.000663917997473474,FALSE,FALSE,0,0.5,0.2
0,0,1,0,0.000663917997473456,FALSE,FALSE,0.3,0,0.12
0,0,0,0,0.000663917997473467,FALSE,FALSE,0.3,0,0.12
0,0,0,0,0.000663917997473497,FALSE,FALSE,0.15,0,0.06
0,0,0,0,0.000663917997473456,FALSE,FALSE,0.3,0,0.12
0,0,0,0,0.000663917997473468,FALSE,FALSE,0.15,0,0.06
0,0,0,0,0.000236898551792166,FALSE,FALSE,0.15,0,0.06
93.0210317460318,0,0,0.0472185984088949,0.000663917997473458,FALSE,FALSE,0,1,0.4
10.6880952380952,0,0,2.16804756846963e-29,0.000663917997473476,FALSE,FALSE,0,0.5,0.2
1,0,0,0,0.000663917997473478,FALSE,FALSE,0,0.5,0.2
2.5,0,0,0,0.000663917997473458,FALSE,FALSE,0,1,0.4
0,0,1,0,0.000663917997473468,FALSE,FALSE,0.15,0,0.06
2,0,0,0,0.000663917997473459,FALSE,FALSE,0,1,0.4
0,0,1,0,0.00066391799747347,FALSE,FALSE,0.15,0,0.06
0,0,0,0,0.000236898551792163,FALSE,FALSE,0.15,0,0.06
0,0,0,0,0.000663917997473471,FALSE,FALSE,0.15,0,0.06
0,0,0,0,0.000663917997473468,FALSE,FALSE,0.15,0,0.06
0,0,0,0,0.000663917997473476,FALSE,FALSE,0.15,0,0.06
0,0,0,0,0.000663917997473472,FALSE,FALSE,0.15,0,0.06
0,0,0,0,0.00066391799747347,FALSE,FALSE,0.3,0,0.12
0,0,0,0,0.000663917997473469,FALSE,TRUE,0.75,0,0.3
0,0,0,0,0.000663917997473491,FALSE,FALSE,0.15,0,0.06
0,0,0,0,0.000663917997473442,FALSE,TRUE,2.85,0,1.14
22.1666666666667,374.259523809524,0,0,0.000663917997473443,FALSE,TRUE,0.6,10,4.24
1,0,1,0,3.95636622419073e-06,FALSE,FALSE,0,0.5,0.2
3,3,1,0,0.000663917997473454,FALSE,TRUE,0.15,1.5,0.66
10.8833333333333,0,0,0,0.000663917997473466,FALSE,FALSE,0,0.5,0.2
0,0,0,0,0.000663917997473494,FALSE,FALSE,0.15,0,0.06
1,0,0,0,0.000663917997473458,FALSE,FALSE,0.15,0.5,0.26
0,0,0,0,0.000663917997473494,FALSE,FALSE,0.15,0,0.06
14.6666666666667,0,0,0,0.000663917997473465,FALSE,FALSE,0,0.5,0.2
0,0,1,0,0.000663917997473456,FALSE,FALSE,0.3,0,0.12
1,0,0,0,0.000663917997473468,FALSE,FALSE,0,0.5,0.2
14.6666666666667,0,1,0,0.000663917997473465,FALSE,FALSE,0,0.5,0.2
14.6666666666667,0,1,0,0.000663917997473465,FALSE,FALSE,0,0.5,0.2
85.222619047619,0,1,0.0429387144875619,0.000663917997473468,FALSE,FALSE,0,0.5,0.2
0,0,0,0,0.000663917997473481,FALSE,FALSE,0.15,0,0.06
5,4,0,0,0.000663917997473445,FALSE,FALSE,0.15,2.5,1.06
0,0,1,0,0.000663917997473471,FALSE,FALSE,0.15,0,0.06
2.5,0,0,0,0.000663917997473466,FALSE,FALSE,0,1.5,0.6
0,0,1,0,0.000663917997473459,FALSE,FALSE,0.45,0,0.18
14.6666666666667,0,0,0,0.000663917997473465,FALSE,FALSE,0,0.5,0.2
0,0,1,0,0.000663917997473481,FALSE,FALSE,0.15,0,0.06
0,0,0,0,0.000663917997473506,FALSE,FALSE,0.15,0,0.06
15,502.854901960784,0,0,0.000663917997473443,FALSE,TRUE,0.75,7.5,3.3
4,3,1,0,0.000663917997473454,FALSE,TRUE,0.15,2,0.86
21.6333333333333,0,0,0,0.000663917997473449,FALSE,FALSE,0,1.5,0.6
1,0,0,0,0.000663917997473467,FALSE,FALSE,0,0.5,0.2
1.5,0,1,0,0.00066391799747347,FALSE,FALSE,0,0.5,0.2
0,0,1,0,0.000663917997473524,FALSE,FALSE,0.15,0,0.06
0,0,0,0,0.000663917997473456,FALSE,FALSE,0.45,0,0.18
0,0,0,0,0.000663917997473494,FALSE,FALSE,0.3,0,0.12
0,0,0,0,0.000663917997473471,FALSE,FALSE,0.15,0,0.06
0,0,0,0,0.000663917997473479,FALSE,FALSE,0.15,0,0.06
0,0,0,0,0.000663917997473467,FALSE,FALSE,0.15,0,0.06
2,74.7333333333333,0,0,0.000663917997473449,FALSE,FALSE,0.3,1,0.52
17.8214285714286,293,0,1.07873586333611e-29,0.000663917997473445,FALSE,TRUE,0.15,5.5,2.26
10.8833333333333,0,0,0,0.000663917997473466,FALSE,FALSE,0,0.5,0.2
10.8833333333333,0,0,0,0.000663917997473466,FALSE,FALSE,0,0.5,0.2
16.4380952380952,0,0,0,0.000663917997473454,FALSE,TRUE,0,1.5,0.6
14.6666666666667,0,0,0,0.000663917997473465,FALSE,FALSE,0,0.5,0.2
1,0,1,0,0.000663917997473449,FALSE,FALSE,0.3,0.5,0.32
1,45,0,0,0.000663917997473469,FALSE,TRUE,0.15,0.5,0.26
0,0,0,0,0.000663917997473467,FALSE,FALSE,0.15,0,0.06
1,0,0,0,0.000663917997473474,FALSE,FALSE,0,0.5,0.2
0,0,1,0,0.000663917997473481,FALSE,FALSE,0.15,0,0.06
2.5,32,0,0,0.000663917997473451,FALSE,TRUE,0.3,1,0.52
0,0,1,0,0.000663917997473472,FALSE,FALSE,0.15,0,0.06
6,0,0,0,0.000663917997473451,FALSE,FALSE,0,2.5,1
2,0,0,0,0.000663917997473453,FALSE,FALSE,0,1,0.4
0,0,0,0,0.00066391799747346,FALSE,FALSE,0.3,0,0.12
14.6666666666667,130.019047619048,0,0,0.000663917997473449,FALSE,FALSE,0.45,0.5,0.38
1.5,0,0,0,0.000663917997473482,FALSE,FALSE,0,0.5,0.2
1,0,0,0,0.000663917997473517,FALSE,FALSE,0,0.5,0.2
22.6333333333333,78.0000000000001,1,0,0.000663917997473446,FALSE,FALSE,0.3,2.5,1.12
0,0,0,0,0.000663917997473457,FALSE,FALSE,0.3,0,0.12
0,0,0,0,0.000663917997473457,FALSE,FALSE,0.45,0,0.18
0,0,0,0,0.000663917997473453,FALSE,FALSE,0.45,0,0.18
0,0,0,0,0.000663917997473453,FALSE,FALSE,0.45,0,0.18
1,0,0,0,0.000663917997473467,FALSE,FALSE,0,0.5,0.2
96.2154761904762,0,1,0.125358068242268,0.000663917997473458,FALSE,FALSE,0,1,0.4
0,0,0,0,0.000663917997473515,FALSE,FALSE,0.15,0,0.06
15.8833333333333,0,0,0,0.000663917997473457,FALSE,FALSE,0,1,0.4
0,0,0,0,0.000663917997473469,FALSE,FALSE,0.15,0,0.06
0,0,0,0,0.000663917997473469,FALSE,FALSE,0.15,0,0.06
0,0,0,0,0.000663917997473481,FALSE,FALSE,0.15,0,0.06
0,0,0,0,0.000663917997473473,FALSE,FALSE,0.3,0,0.12
0,0,0,0,0,FALSE,FALSE,0,0,0
